AssetCIDMSComponentTypeID,AssetCIDMSComponentTypeDesc,AssetCIDMSAssetTypeID,Enabled,DateCaptured,CapturerID,DateModified,ModifierID,Default
1,Air conditioning,4,1,2020-01-28 15:35:10.513,1,NULL,NULL,1
2,Anchored wall,21,1,2020-01-28 15:35:10.513,1,NULL,NULL,1
3,as applicable (from above),2,1,2020-01-28 15:35:10.513,1,NULL,NULL,1
4,Automated electricity meter,122,1,2020-01-28 15:35:10.513,1,NULL,NULL,1
5,Auto-recloser,234,1,2020-01-28 15:35:10.513,1,NULL,NULL,1
6,Auto-recloser,243,1,2020-01-28 15:35:10.513,1,NULL,NULL,1
7,Baler,182,1,2020-01-28 15:35:10.513,1,NULL,NULL,1
8,Ballasts,306,1,2020-01-28 15:35:10.513,1,NULL,NULL,1
9,Basketball court,329,1,2020-01-28 15:35:10.513,1,NULL,NULL,1
10,Batteries,69,1,2020-01-28 15:35:10.513,1,NULL,NULL,1
11,Battery charger,69,1,2020-01-28 15:35:10.513,1,NULL,NULL,1
12,Billboard,309,1,2020-01-28 15:35:10.513,1,NULL,NULL,1
13,Boiler,3,1,2020-01-28 15:35:10.513,1,NULL,NULL,1
14,Boiler feed pump,3,1,2020-01-28 15:35:10.513,1,NULL,NULL,1
15,Bowling green,329,1,2020-01-28 15:35:10.513,1,NULL,NULL,1
16,Capacitor bank,103,1,2020-01-28 15:35:10.513,1,NULL,NULL,1
17,Capacitor bank,143,1,2020-01-28 15:35:10.513,1,NULL,NULL,1
18,Capacitor bank,234,1,2020-01-28 15:35:10.513,1,NULL,NULL,1
19,Capacitor bank,236,1,2020-01-28 15:35:10.513,1,NULL,NULL,1
20,Carport,123,1,2020-01-28 15:35:10.513,1,NULL,NULL,1
21,Carport,307,1,2020-01-28 15:35:10.513,1,NULL,NULL,1
22,Cast iron,194,1,2020-01-28 15:35:10.513,1,NULL,NULL,1
23,Cathodic protection,103,1,2020-01-28 15:35:10.513,1,NULL,NULL,1
24,Channel,77,1,2020-01-28 15:35:10.513,1,NULL,NULL,1
25,Chemical toilet,48,1,2020-01-28 15:35:10.513,1,NULL,NULL,1
26,Chiller,4,1,2020-01-28 15:35:10.513,1,NULL,NULL,1
27,Communal standpipe,49,1,2020-01-28 15:35:10.513,1,NULL,NULL,1
28,Communication cable,50,1,2020-01-28 15:35:10.513,1,NULL,NULL,1
29,Communications switch,50,1,2020-01-28 15:35:10.513,1,NULL,NULL,1
30,Commuter shelter,309,1,2020-01-28 15:35:10.513,1,NULL,NULL,1
31,Compactor,182,1,2020-01-28 15:35:10.513,1,NULL,NULL,1
32,Compressor,182,1,2020-01-28 15:35:10.513,1,NULL,NULL,1
33,Condenser,3,1,2020-01-28 15:35:10.513,1,NULL,NULL,1
34,Control cable,141,1,2020-01-28 15:35:10.513,1,NULL,NULL,1
35,Control cable,172,1,2020-01-28 15:35:10.513,1,NULL,NULL,1
36,Control cable,217,1,2020-01-28 15:35:10.513,1,NULL,NULL,1
37,Control panel,103,1,2020-01-28 15:35:10.513,1,NULL,NULL,1
38,Control panel,143,1,2020-01-28 15:35:10.513,1,NULL,NULL,1
39,Control panel,214,1,2020-01-28 15:35:10.513,1,NULL,NULL,1
40,Control panel,236,1,2020-01-28 15:35:10.513,1,NULL,NULL,1
41,Control panel,243,1,2020-01-28 15:35:10.513,1,NULL,NULL,1
42,Conventional electricity meter,122,1,2020-01-28 15:35:10.513,1,NULL,NULL,1
43,Conveyor belt,182,1,2020-01-28 15:35:10.513,1,NULL,NULL,1
44,Crane,182,1,2020-01-28 15:35:10.513,1,NULL,NULL,1
45,Culvert,77,1,2020-01-28 15:35:10.513,1,NULL,NULL,1
46,Current transformer,143,1,2020-01-28 15:35:10.513,1,NULL,NULL,1
47,Current transformer,236,1,2020-01-28 15:35:10.513,1,NULL,NULL,1
48,Distributed control system,56,1,2020-01-28 15:35:10.513,1,NULL,NULL,1
49,Distributed control system,299,1,2020-01-28 15:35:10.513,1,NULL,NULL,1
50,Distributed process control system,56,1,2020-01-28 15:35:10.513,1,NULL,NULL,1
51,Doser,182,1,2020-01-28 15:35:10.513,1,NULL,NULL,1
52,Earth structure,21,1,2020-01-28 15:35:10.513,1,NULL,NULL,1
53,Earthworks,4,1,2020-01-28 15:35:10.513,1,NULL,NULL,1
54,Earthworks,81,1,2020-01-28 15:35:10.513,1,NULL,NULL,1
55,Economiser,3,1,2020-01-28 15:35:10.513,1,NULL,NULL,1
56,Electrical installation (building),4,1,2020-01-28 15:35:10.513,1,NULL,NULL,1
57,Electrical service connection,314,1,2020-01-28 15:35:10.513,1,NULL,NULL,1
58,Electricity bulk meter,118,1,2020-01-28 15:35:10.513,1,NULL,NULL,1
59,Electricity bulk meter,119,1,2020-01-28 15:35:10.513,1,NULL,NULL,1
60,Electricity servitude,327,1,2020-01-28 15:35:10.513,1,NULL,NULL,1
61,Electricity transmission reserve,149,1,2020-01-28 15:35:10.513,1,NULL,NULL,1
62,Engine,182,1,2020-01-28 15:35:10.513,1,NULL,NULL,1
63,Engine - gas,182,1,2020-01-28 15:35:10.513,1,NULL,NULL,1
64,Exciter,333,1,2020-01-28 15:35:10.513,1,NULL,NULL,1
65,External furniture,123,1,2020-01-28 15:35:10.513,1,NULL,NULL,1
66,External furniture,307,1,2020-01-28 15:35:10.513,1,NULL,NULL,1
67,External lighting,123,1,2020-01-28 15:35:10.513,1,NULL,NULL,1
68,External lighting,307,1,2020-01-28 15:35:10.513,1,NULL,NULL,1
69,Extraction blower,182,1,2020-01-28 15:35:10.513,1,NULL,NULL,1
70,Fabricated steel,194,1,2020-01-28 15:35:10.513,1,NULL,NULL,1
71,Fan,182,1,2020-01-28 15:35:10.513,1,NULL,NULL,1
72,Fibre-optic cable,50,1,2020-01-28 15:35:10.513,1,NULL,NULL,1
73,Filter media,21,1,2020-01-28 15:35:10.513,1,NULL,NULL,1
74,"Finishes, fixtures and fittings",4,1,2020-01-28 15:35:10.513,1,NULL,NULL,1
75,Fire protection,4,1,2020-01-28 15:35:10.513,1,NULL,NULL,1
76,Flare stack,21,1,2020-01-28 15:35:10.513,1,NULL,NULL,1
77,Floor,4,1,2020-01-28 15:35:10.513,1,NULL,NULL,1
78,Footpath,309,1,2020-01-28 15:35:10.513,1,NULL,NULL,1
79,Gabions,21,1,2020-01-28 15:35:10.513,1,NULL,NULL,1
80,Gasometer,56,1,2020-01-28 15:35:10.513,1,NULL,NULL,1
81,Gasometer,299,1,2020-01-28 15:35:10.513,1,NULL,NULL,1
82,Gearbox,182,1,2020-01-28 15:35:10.513,1,NULL,NULL,1
83,Generator,182,1,2020-01-28 15:35:10.513,1,NULL,NULL,1
84,Generator,333,1,2020-01-28 15:35:10.513,1,NULL,NULL,1
85,Generator breaker,333,1,2020-01-28 15:35:10.513,1,NULL,NULL,1
86,Generator busbar,333,1,2020-01-28 15:35:10.513,1,NULL,NULL,1
87,Generator transformer,333,1,2020-01-28 15:35:10.513,1,NULL,NULL,1
88,GIS busbar,143,1,2020-01-28 15:35:10.513,1,NULL,NULL,1
89,GIS switchgear,143,1,2020-01-28 15:35:10.513,1,NULL,NULL,1
90," lf course",329,1,2020-01-28 15:35:10.513,1,NULL,NULL,1
91,Grid inlet,77,1,2020-01-28 15:35:10.513,1,NULL,NULL,1
92,Guard rail,309,1,2020-01-28 15:35:10.513,1,NULL,NULL,1
93,Heat exchanger,182,1,2020-01-28 15:35:10.513,1,NULL,NULL,1
94,High mast light,301,1,2020-01-28 15:35:10.513,1,NULL,NULL,1
95,HV busbar indoor,143,1,2020-01-28 15:35:10.513,1,NULL,NULL,1
96,HV busbar outdoor,143,1,2020-01-28 15:35:10.513,1,NULL,NULL,1
97,HV cables,141,1,2020-01-28 15:35:10.513,1,NULL,NULL,1
98,HV circuit breaker,143,1,2020-01-28 15:35:10.513,1,NULL,NULL,1
99,HV earth switch,143,1,2020-01-28 15:35:10.513,1,NULL,NULL,1
100,HV isolator,143,1,2020-01-28 15:35:10.513,1,NULL,NULL,1
101,HV overhead line conductor,142,1,2020-01-28 15:35:10.513,1,NULL,NULL,1
102,HV overhead line support structure,142,1,2020-01-28 15:35:10.513,1,NULL,NULL,1
103,"HV transformer compact unit circuit breaker, isolator and current",143,1,2020-01-28 15:35:10.513,1,NULL,NULL,1
104,HV transformers,146,1,2020-01-28 15:35:10.513,1,NULL,NULL,1
105,Hydrant,282,1,2020-01-28 15:35:10.513,1,NULL,NULL,1
106,Irrigation,123,1,2020-01-28 15:35:10.513,1,NULL,NULL,1
107,Irrigation,307,1,2020-01-28 15:35:10.513,1,NULL,NULL,1
108,Jukskei court,329,1,2020-01-28 15:35:10.513,1,NULL,NULL,1
109,Kerb,77,1,2020-01-28 15:35:10.513,1,NULL,NULL,1
110,Kerb inlet,77,1,2020-01-28 15:35:10.513,1,NULL,NULL,1
111,Land,149,1,2020-01-28 15:35:10.513,1,NULL,NULL,1
112,Landfill restoration,300,1,2020-01-28 15:35:10.513,1,NULL,NULL,1
113,Landscaping,123,1,2020-01-28 15:35:10.513,1,NULL,NULL,1
114,Landscaping,307,1,2020-01-28 15:35:10.513,1,NULL,NULL,1
115,Lifts,4,1,2020-01-28 15:35:10.513,1,NULL,NULL,1
116,Lightning mast and shield wiring,143,1,2020-01-28 15:35:10.513,1,NULL,NULL,1
117,Lining – landfill,21,1,2020-01-28 15:35:10.513,1,NULL,NULL,1
118,Load control set,236,1,2020-01-28 15:35:10.513,1,NULL,NULL,1
119,LV cable,172,1,2020-01-28 15:35:10.513,1,NULL,NULL,1
120,LV cable,214,1,2020-01-28 15:35:10.513,1,NULL,NULL,1
121,LV circuit breaker,103,1,2020-01-28 15:35:10.513,1,NULL,NULL,1
122,LV circuit breaker,214,1,2020-01-28 15:35:10.513,1,NULL,NULL,1
123,LV kiosk,214,1,2020-01-28 15:35:10.513,1,NULL,NULL,1
124,LV overhead line,172,1,2020-01-28 15:35:10.513,1,NULL,NULL,1
125,LV overhead line,214,1,2020-01-28 15:35:10.513,1,NULL,NULL,1
126,LV pole top box,214,1,2020-01-28 15:35:10.513,1,NULL,NULL,1
127,Masonry structure,21,1,2020-01-28 15:35:10.513,1,NULL,NULL,1
128,Mini roundabout,309,1,2020-01-28 15:35:10.513,1,NULL,NULL,1
129,Motor,103,1,2020-01-28 15:35:10.513,1,NULL,NULL,1
130,Multiplexer,50,1,2020-01-28 15:35:10.513,1,NULL,NULL,1
131,MV cable,217,1,2020-01-28 15:35:10.513,1,NULL,NULL,1
132,MV circuit breaker,236,1,2020-01-28 15:35:10.513,1,NULL,NULL,1
133,MV circuit breaker,243,1,2020-01-28 15:35:10.513,1,NULL,NULL,1
134,MV earth switch,236,1,2020-01-28 15:35:10.513,1,NULL,NULL,1
135,MV isolator,236,1,2020-01-28 15:35:10.513,1,NULL,NULL,1
136,MV isolator,243,1,2020-01-28 15:35:10.513,1,NULL,NULL,1
137,MV overhead line,217,1,2020-01-28 15:35:10.513,1,NULL,NULL,1
138,"MV transformer compact unit circuit breaker, isolator and current",236,1,2020-01-28 15:35:10.513,1,NULL,NULL,1
139,MV transformers,224,1,2020-01-28 15:35:10.513,1,NULL,NULL,1
140,MV transformers,250,1,2020-01-28 15:35:10.513,1,NULL,NULL,1
141,Network control kiosk,50,1,2020-01-28 15:35:10.513,1,NULL,NULL,1
142,Oil burner,3,1,2020-01-28 15:35:10.513,1,NULL,NULL,1
143,PABX,50,1,2020-01-28 15:35:10.513,1,NULL,NULL,1
144,Paving,123,1,2020-01-28 15:35:10.513,1,NULL,NULL,1
145,Paving,307,1,2020-01-28 15:35:10.513,1,NULL,NULL,1
146,Paving,309,1,2020-01-28 15:35:10.513,1,NULL,NULL,1
147,Pedestrian bridge railing,277,1,2020-01-28 15:35:10.513,1,NULL,NULL,1
148,Pedestrian bridge substructure,277,1,2020-01-28 15:35:10.513,1,NULL,NULL,1
149,Pedestrian bridge superstructure,277,1,2020-01-28 15:35:10.513,1,NULL,NULL,1
150,Perimeter protection,123,1,2020-01-28 15:35:10.513,1,NULL,NULL,1
151,Perimeter protection,307,1,2020-01-28 15:35:10.513,1,NULL,NULL,1
152,Pipe - fuel,282,1,2020-01-28 15:35:10.513,1,NULL,NULL,1
153,Pipe - gas,4,1,2020-01-28 15:35:10.513,1,NULL,NULL,1
154,Pipe - gas,282,1,2020-01-28 15:35:10.513,1,NULL,NULL,1
155,Pipe - sewer,214,1,2020-01-28 15:35:10.513,1,NULL,NULL,1
156,Pipe - sewer,282,1,2020-01-28 15:35:10.513,1,NULL,NULL,1
157,Pipe - sewer,311,1,2020-01-28 15:35:10.513,1,NULL,NULL,1
158,Pipe - sewer,314,1,2020-01-28 15:35:10.513,1,NULL,NULL,1
159,Pipe - steam,282,1,2020-01-28 15:35:10.513,1,NULL,NULL,1
160,Pipe - storm water,282,1,2020-01-28 15:35:10.513,1,NULL,NULL,1
161,Pipe - water,214,1,2020-01-28 15:35:10.513,1,NULL,NULL,1
162,Pipe - water,282,1,2020-01-28 15:35:10.513,1,NULL,NULL,1
163,Pipe - water,311,1,2020-01-28 15:35:10.513,1,NULL,NULL,1
164,Pipe - water,314,1,2020-01-28 15:35:10.513,1,NULL,NULL,1
165,Pipe bridge abutment,279,1,2020-01-28 15:35:10.513,1,NULL,NULL,1
166,Pipe bridge railing,279,1,2020-01-28 15:35:10.513,1,NULL,NULL,1
167,Pipe bridge substructure,279,1,2020-01-28 15:35:10.513,1,NULL,NULL,1
168,Pipe bridge superstructure,279,1,2020-01-28 15:35:10.513,1,NULL,NULL,1
169,Plumbing,4,1,2020-01-28 15:35:10.513,1,NULL,NULL,1
170,Points (rail),306,1,2020-01-28 15:35:10.513,1,NULL,NULL,1
171,Precipitator,103,1,2020-01-28 15:35:10.513,1,NULL,NULL,1
172,Prepaid electricity meter,122,1,2020-01-28 15:35:10.513,1,NULL,NULL,1
173,Pressure vessel,194,1,2020-01-28 15:35:10.513,1,NULL,NULL,1
174,Process instrumentation,56,1,2020-01-28 15:35:10.513,1,NULL,NULL,1
175,Pulveriser,182,1,2020-01-28 15:35:10.513,1,NULL,NULL,1
176,Pump - hand,182,1,2020-01-28 15:35:10.513,1,NULL,NULL,1
177,Pump - sewer,182,1,2020-01-28 15:35:10.513,1,NULL,NULL,1
178,Pump - submersible,182,1,2020-01-28 15:35:10.513,1,NULL,NULL,1
179,Pump - water,182,1,2020-01-28 15:35:10.513,1,NULL,NULL,1
180,Radio infrastructure,50,1,2020-01-28 15:35:10.513,1,NULL,NULL,1
181,Rail bridge abutments,305,1,2020-01-28 15:35:10.513,1,NULL,NULL,1
182,Rail bridge side barrier,305,1,2020-01-28 15:35:10.513,1,NULL,NULL,1
183,Rail bridge substructure,305,1,2020-01-28 15:35:10.513,1,NULL,NULL,1
184,Rail bridge superstructure,305,1,2020-01-28 15:35:10.513,1,NULL,NULL,1
185,Rail lines,306,1,2020-01-28 15:35:10.513,1,NULL,NULL,1
186,Rail reserve,149,1,2020-01-28 15:35:10.513,1,NULL,NULL,1
187,RC structure,4,1,2020-01-28 15:35:10.513,1,NULL,NULL,1
188,RC structure,21,1,2020-01-28 15:35:10.513,1,NULL,NULL,1
189,Reactor,103,1,2020-01-28 15:35:10.513,1,NULL,NULL,1
190,Reactor,143,1,2020-01-28 15:35:10.513,1,NULL,NULL,1
191,Reactor,234,1,2020-01-28 15:35:10.513,1,NULL,NULL,1
192,Reactor,236,1,2020-01-28 15:35:10.513,1,NULL,NULL,1
193,Reheater,3,1,2020-01-28 15:35:10.513,1,NULL,NULL,1
194,Retaining wall,21,1,2020-01-28 15:35:10.513,1,NULL,NULL,1
195,Ring main unit,224,1,2020-01-28 15:35:10.513,1,NULL,NULL,1
196,Ring main unit,234,1,2020-01-28 15:35:10.513,1,NULL,NULL,1
197,Ring main unit,236,1,2020-01-28 15:35:10.513,1,NULL,NULL,1
198,Ring main unit,243,1,2020-01-28 15:35:10.513,1,NULL,NULL,1
199,Road bridge abutment,308,1,2020-01-28 15:35:10.513,1,NULL,NULL,1
200,Road bridge side barrier,308,1,2020-01-28 15:35:10.513,1,NULL,NULL,1
201,Road bridge substructure,308,1,2020-01-28 15:35:10.513,1,NULL,NULL,1
202,Road bridge superstructure,308,1,2020-01-28 15:35:10.513,1,NULL,NULL,1
203,Road reserve,149,1,2020-01-28 15:35:10.513,1,NULL,NULL,1
204,Road structural layer,261,1,2020-01-28 15:35:10.513,1,NULL,NULL,1
205,Road surface,261,1,2020-01-28 15:35:10.513,1,NULL,NULL,1
206,Roof,4,1,2020-01-28 15:35:10.513,1,NULL,NULL,1
207,Router,50,1,2020-01-28 15:35:10.513,1,NULL,NULL,1
208,SCADA,56,1,2020-01-28 15:35:10.513,1,NULL,NULL,1
209,SCADA,299,1,2020-01-28 15:35:10.513,1,NULL,NULL,1
210,Sectionaliser,234,1,2020-01-28 15:35:10.513,1,NULL,NULL,1
211,Security system,4,1,2020-01-28 15:35:10.513,1,NULL,NULL,1
212,Septic tank,4,1,2020-01-28 15:35:10.513,1,NULL,NULL,1
213,Septic tank,48,1,2020-01-28 15:35:10.513,1,NULL,NULL,1
214,Server,50,1,2020-01-28 15:35:10.513,1,NULL,NULL,1
215,Sewerage servitude,327,1,2020-01-28 15:35:10.513,1,NULL,NULL,1
216,Sign - general,123,1,2020-01-28 15:35:10.513,1,NULL,NULL,1
217,Sign - general,307,1,2020-01-28 15:35:10.513,1,NULL,NULL,1
218,Sign - general,309,1,2020-01-28 15:35:10.513,1,NULL,NULL,1
219,Sign - regulatory,309,1,2020-01-28 15:35:10.513,1,NULL,NULL,1
220,Signalling (trains),307,1,2020-01-28 15:35:10.513,1,NULL,NULL,1
221,Small building/enclosure,4,1,2020-01-28 15:35:10.513,1,NULL,NULL,1
222,Small building/enclosure,48,1,2020-01-28 15:35:10.513,1,NULL,NULL,1
223,Small building/enclosure,123,1,2020-01-28 15:35:10.513,1,NULL,NULL,1
224,Small building/enclosure,307,1,2020-01-28 15:35:10.513,1,NULL,NULL,1
225,Spectator stand,329,1,2020-01-28 15:35:10.513,1,NULL,NULL,1
226,Speed hump,309,1,2020-01-28 15:35:10.513,1,NULL,NULL,1
227,Sports field,329,1,2020-01-28 15:35:10.513,1,NULL,NULL,1
228,Squash court,329,1,2020-01-28 15:35:10.513,1,NULL,NULL,1
229,Station earthing mat and electrodes,143,1,2020-01-28 15:35:10.513,1,NULL,NULL,1
230,Steel structure,4,1,2020-01-28 15:35:10.513,1,NULL,NULL,1
231,Steel structure,21,1,2020-01-28 15:35:10.513,1,NULL,NULL,1
232,Storage area network,50,1,2020-01-28 15:35:10.513,1,NULL,NULL,1
233,Stormwater reserve,149,1,2020-01-28 15:35:10.513,1,NULL,NULL,1
234,Stormwater servitude,327,1,2020-01-28 15:35:10.513,1,NULL,NULL,1
235,Street lights,301,1,2020-01-28 15:35:10.513,1,NULL,NULL,1
236,Street rubbish bin,309,1,2020-01-28 15:35:10.513,1,NULL,NULL,1
237,Subsoil drains,21,1,2020-01-28 15:35:10.513,1,NULL,NULL,1
238,Subsoil drains,77,1,2020-01-28 15:35:10.513,1,NULL,NULL,1
239,Superheater,3,1,2020-01-28 15:35:10.513,1,NULL,NULL,1
240,Surge arrestor,143,1,2020-01-28 15:35:10.513,1,NULL,NULL,1
241,Surge arrestor,236,1,2020-01-28 15:35:10.513,1,NULL,NULL,1
242,Swimming pool,329,1,2020-01-28 15:35:10.513,1,NULL,NULL,1
243,Tank,21,1,2020-01-28 15:35:10.513,1,NULL,NULL,1
244,Telemetry,56,1,2020-01-28 15:35:10.513,1,NULL,NULL,1
245,Tennis court,329,1,2020-01-28 15:35:10.513,1,NULL,NULL,1
246,Timber pole structure,21,1,2020-01-28 15:35:10.513,1,NULL,NULL,1
247,Traffic island,309,1,2020-01-28 15:35:10.513,1,NULL,NULL,1
248,Traffic signal units,331,1,2020-01-28 15:35:10.513,1,NULL,NULL,1
249,Transformer NECRT,236,1,2020-01-28 15:35:10.513,1,NULL,NULL,1
250,Transformer NER,236,1,2020-01-28 15:35:10.513,1,NULL,NULL,1
251,Transformer unit,143,1,2020-01-28 15:35:10.513,1,NULL,NULL,1
252,Tunnel bore structure,21,1,2020-01-28 15:35:10.513,1,NULL,NULL,1
253,Turbine,182,1,2020-01-28 15:35:10.513,1,NULL,NULL,1
254,Turbine,332,1,2020-01-28 15:35:10.513,1,NULL,NULL,1
255,Uninterrupted power supply,103,1,2020-01-28 15:35:10.513,1,NULL,NULL,1
256,Valve - fuel,282,1,2020-01-28 15:35:10.513,1,NULL,NULL,1
257,Valve - gas,282,1,2020-01-28 15:35:10.513,1,NULL,NULL,1
258,Valve - steam,282,1,2020-01-28 15:35:10.513,1,NULL,NULL,1
259,Valve - water,282,1,2020-01-28 15:35:10.513,1,NULL,NULL,1
260,Vending station,214,1,2020-01-28 15:35:10.513,1,NULL,NULL,1
261,VIP latrine (excluding structure),48,1,2020-01-28 15:35:10.513,1,NULL,NULL,1
262,Voltage transformer,143,1,2020-01-28 15:35:10.513,1,NULL,NULL,1
263,Voltage transformer,236,1,2020-01-28 15:35:10.513,1,NULL,NULL,1
264,Walls,4,1,2020-01-28 15:35:10.513,1,NULL,NULL,1
265,Water meter,214,1,2020-01-28 15:35:10.513,1,NULL,NULL,1
266,Water meter,282,1,2020-01-28 15:35:10.513,1,NULL,NULL,1
267,Water servitude,327,1,2020-01-28 15:35:10.513,1,NULL,NULL,1
268,Weighbridge,182,1,2020-01-28 15:35:10.513,1,NULL,NULL,1
269,Well,182,1,2020-01-28 15:35:10.513,1,NULL,NULL,1
270,Winch,182,1,2020-01-28 15:35:10.513,1,NULL,NULL,1
271,Wireless access point,50,1,2020-01-28 15:35:10.513,1,NULL,NULL,1
272,Air Conditioner,2,1,2021-05-07 15:49:42.253,199,2022-11-02 15:04:16.877,199,NULL
273,Alcotest,336,1,2021-05-07 15:50:20.547,199,NULL,NULL,NULL
274,Bar Fridge,336,1,2021-05-07 15:50:54.623,199,NULL,NULL,NULL
275,Bench,336,1,2021-05-07 15:51:46.843,199,NULL,NULL,NULL
276,Bid Box,336,1,2021-05-07 15:52:22.467,199,NULL,NULL,NULL
277,Binder,336,1,2021-05-07 15:52:55.737,199,NULL,NULL,NULL
278,Book display,336,1,2021-05-07 15:53:29.050,199,NULL,NULL,NULL
279,Bookcase,336,1,2021-05-07 15:54:01.847,199,NULL,NULL,NULL
280,Cabinet,336,1,2021-05-07 15:54:43.433,199,NULL,NULL,NULL
281,Camera,336,1,2021-05-07 15:55:16.860,199,NULL,NULL,NULL
282,CAMERA SONY CYBERSHOT,336,1,2021-05-07 15:55:49.377,199,NULL,NULL,NULL
283,CANON DIGITAL CAMERA,336,1,2021-05-07 15:56:33.600,199,NULL,NULL,NULL
284,CANON DIGITAL CAMERA EOS 700D,336,1,2021-05-07 15:57:13.850,199,NULL,NULL,NULL
285,Cash Drawer,336,1,2021-05-07 15:57:51.157,199,NULL,NULL,NULL
286,Chair,336,1,2021-05-07 15:58:36.020,199,NULL,NULL,NULL
287,Coat & Hat Stand,336,1,2021-05-07 15:59:16.180,199,NULL,NULL,NULL
288,Computer,336,1,2021-05-07 16:00:02.390,199,NULL,NULL,NULL
289,Computer Box,336,1,2021-05-07 16:00:54.343,199,NULL,NULL,NULL
290,Computer Stand,336,1,2021-05-07 16:01:37.287,199,NULL,NULL,NULL
291,Couch,336,1,2021-05-07 16:02:22.057,199,NULL,NULL,NULL
292,Counter,336,1,2021-05-07 16:03:05.757,199,NULL,NULL,NULL
293,CPU,336,1,2021-05-07 16:03:54.283,199,NULL,NULL,NULL
294,Credenza,336,1,2021-05-07 16:04:32.670,199,NULL,NULL,NULL
295,Cupboard,336,1,2021-05-07 16:05:31.513,199,NULL,NULL,NULL
296,Data Projector,336,1,2021-05-07 16:06:12.057,199,NULL,NULL,NULL
297,Data Sheet,336,1,2021-05-07 16:06:56.407,199,NULL,NULL,NULL
298,Desk,336,1,2021-05-07 16:07:49.763,199,NULL,NULL,NULL
299,Desktop,336,1,2021-05-07 16:08:41.490,199,NULL,NULL,NULL
300,Drawer,336,1,2021-05-07 16:09:18.677,199,NULL,NULL,NULL
301,Drawers,336,1,2021-05-07 16:10:06.623,199,NULL,NULL,NULL
302,DVD Drive,336,1,2021-05-07 16:10:49.363,199,NULL,NULL,NULL
303,Fax,336,1,2021-05-07 16:11:28.467,199,NULL,NULL,NULL
304,Filer,336,1,2021-05-07 16:12:15.947,199,NULL,NULL,NULL
305,Folding Machine,336,1,2021-05-07 16:12:57.857,199,NULL,NULL,NULL
306,Franking Machine,336,1,2021-05-07 16:13:36.200,199,NULL,NULL,NULL
307,Fridge,336,1,2021-05-07 16:14:22.990,199,NULL,NULL,NULL
308,Hard Drive,336,1,2021-05-07 16:15:07.797,199,NULL,NULL,NULL
309,Heater,336,1,2021-05-07 16:15:48.940,199,NULL,NULL,NULL
310,Ipad,336,1,2021-05-07 16:16:31.450,199,NULL,NULL,NULL
311,Laminator,336,1,2021-05-07 16:17:11.700,199,NULL,NULL,NULL
312,Laptop,336,1,2021-05-07 16:17:57.630,199,NULL,NULL,NULL
313,LICENCE DISK SCANNER AND NUMBER PLATE RECOGNITION,336,1,2021-05-07 16:18:41.833,199,NULL,NULL,NULL
314,Locker,336,1,2021-05-07 16:19:26.023,199,NULL,NULL,NULL
315,Media Player,336,1,2021-05-07 16:20:15.380,199,NULL,NULL,NULL
316,Megaphone,336,1,2021-05-07 16:20:56.997,199,NULL,NULL,NULL
317,Mic Stand,336,1,2021-05-07 16:21:44.153,199,NULL,NULL,NULL
318,Microphones,336,1,2021-05-07 16:22:29.097,199,NULL,NULL,NULL
319,Microwave,336,1,2021-05-07 16:23:11.337,199,NULL,NULL,NULL
320,Mixing Console,336,1,2021-05-07 16:24:06.093,199,NULL,NULL,NULL
321,Monitor,336,1,2021-05-07 16:24:58.423,199,NULL,NULL,NULL
322,Notice Board,336,1,2021-05-07 16:25:46.173,199,NULL,NULL,NULL
323,OLYMPUS DIGITAL VOICE RECORDER,336,1,2021-05-07 16:26:29.737,199,NULL,NULL,NULL
324,Pedenza,336,1,2021-05-07 16:27:11.087,199,NULL,NULL,NULL
325,Pedestal,336,1,2021-05-07 16:27:52.357,199,NULL,NULL,NULL
326,Phone,336,1,2021-05-07 16:28:34.113,199,NULL,NULL,NULL
327,Pigeon Hole,336,1,2021-05-07 16:29:13.503,199,NULL,NULL,NULL
328,Pin Board,336,1,2021-05-07 16:30:37.747,199,NULL,NULL,NULL
329,Podium,336,1,2021-05-07 16:31:16.670,199,NULL,NULL,NULL
330,Portable Drive,336,1,2021-05-07 16:31:56.887,199,NULL,NULL,NULL
331,Post Box,336,1,2021-05-07 16:32:36.540,199,NULL,NULL,NULL
332,Printer,336,1,2021-05-07 16:33:18.633,199,NULL,NULL,NULL
333,Projector,336,1,2021-05-07 16:33:57.787,199,NULL,NULL,NULL
334,Rack Server,336,1,2021-05-07 16:34:37.927,199,NULL,NULL,NULL
335,Recorder,336,1,2021-05-07 16:35:21.820,199,NULL,NULL,NULL
336,Roof rack,336,1,2021-05-07 16:36:09.207,199,NULL,NULL,NULL
337,Router,336,1,2021-05-07 16:36:50.393,199,NULL,NULL,NULL
338,Safe,336,1,2021-05-07 16:37:29.657,199,NULL,NULL,NULL
339,Screen,336,1,2021-05-07 16:38:10.720,199,NULL,NULL,NULL
340,Screen Divider,336,1,2021-05-07 16:38:59.830,199,NULL,NULL,NULL
341,Seater,336,1,2021-05-07 16:39:42.407,199,NULL,NULL,NULL
342,Server,336,1,2021-05-07 16:40:42.093,199,NULL,NULL,NULL
343,Shelf,336,1,2021-05-07 16:41:32.067,199,NULL,NULL,NULL
344,Shelving,336,1,2021-05-07 16:43:52.847,199,NULL,NULL,NULL
345,Shredder,336,1,2021-05-07 16:47:13.780,199,NULL,NULL,NULL
346,Speaker,336,1,2021-05-07 16:47:54.503,199,NULL,NULL,NULL
347,Speaker Stand,336,1,2021-05-07 16:48:40.510,199,NULL,NULL,NULL
348,Speed Measuring Intrument,336,1,2021-05-07 16:49:23.300,199,NULL,NULL,NULL
349,Speed Trapper,336,1,2021-05-07 16:50:07.890,199,NULL,NULL,NULL
350,Stand,336,1,2021-05-07 16:50:53.983,199,NULL,NULL,NULL
351,Suggestion Box,336,1,2021-05-07 16:51:34.590,199,NULL,NULL,NULL
352,Switch,336,1,2021-05-07 16:52:15.680,199,NULL,NULL,NULL
353,Switchboard,336,1,2021-05-07 16:52:55.317,199,NULL,NULL,NULL
354,Table,336,1,2021-05-07 16:53:36.463,199,NULL,NULL,NULL
355,Tender Box,336,1,2021-05-07 16:54:21.510,199,NULL,NULL,NULL
356,Tennis Table,336,1,2021-05-07 16:55:00.807,199,NULL,NULL,NULL
357,Trunk,336,1,2021-05-07 16:55:40.357,199,NULL,NULL,NULL
358,Urn,336,1,2021-05-07 16:56:22.953,199,NULL,NULL,NULL
359,Vacuum Cleaner,336,1,2021-05-07 16:57:04.530,199,NULL,NULL,NULL
360,Voice Recorder,336,1,2021-05-07 16:57:50.723,199,NULL,NULL,NULL
361,Wall unit,336,1,2021-05-07 16:58:38.540,199,NULL,NULL,NULL
362,Whiteboard,336,1,2021-05-07 16:59:35.620,199,NULL,NULL,NULL
363,Workstation,336,1,2021-05-07 17:00:19.393,199,NULL,NULL,NULL
364,Water Dispenser,336,1,2021-05-07 17:01:10.820,199,NULL,NULL,NULL
365,Tray,337,1,2021-05-07 17:03:51.810,199,NULL,NULL,NULL
366,Trolley,337,1,2021-05-07 17:04:36.837,199,NULL,NULL,NULL
367,Light Box,338,1,2021-05-07 17:05:51.533,199,NULL,NULL,NULL
368,BROWNING FIREARM 9MM,339,1,2021-05-07 17:56:25.397,199,NULL,NULL,NULL
369,Haelgeweer,339,1,2021-05-07 17:57:10.233,199,NULL,NULL,NULL
370,NORINCO 213 9MMP PISTOLS,339,1,2021-05-07 17:57:50.967,199,NULL,NULL,NULL
371,NORINCO NZ 75,339,1,2021-05-07 17:58:40.513,199,NULL,NULL,NULL
372,PISTOL HELWAN KAL,339,1,2021-05-07 17:59:24.240,199,NULL,NULL,NULL
373,PISTOL NORINCO KAL,339,1,2021-05-07 18:00:13.677,199,NULL,NULL,NULL
374,Revolver,339,1,2021-05-07 18:00:56.267,199,NULL,NULL,NULL
375,Security System,339,1,2021-05-07 18:01:49.243,199,NULL,NULL,NULL
376,Bakkie,341,1,2021-05-10 14:08:08.677,199,NULL,NULL,NULL
377,Bus,341,1,2021-05-10 14:08:58.503,199,NULL,NULL,NULL
378,Car,341,1,2021-05-10 14:09:46.943,199,NULL,NULL,NULL
379,Combi,341,1,2021-05-10 14:10:34.267,199,NULL,NULL,NULL
380,Jeep,341,1,2021-05-10 14:11:23.600,199,NULL,NULL,NULL
381,Trailer,341,1,2021-05-10 14:12:25.553,199,NULL,NULL,NULL
382,Truck,341,1,2021-05-10 14:13:10.460,199,NULL,NULL,NULL
383,Radio,340,1,2021-05-10 14:15:39.533,199,NULL,NULL,NULL
384,Jack,340,1,2021-05-10 14:17:22.053,199,NULL,NULL,NULL
385,Chainsaw,340,1,2021-05-10 14:18:54.913,199,NULL,NULL,NULL
386,Trimmer,340,1,2021-05-10 14:25:11.387,199,NULL,NULL,NULL
387,Battery Charger,340,1,2021-05-10 14:26:22.277,199,NULL,NULL,NULL
388,Bench Presser,340,1,2021-05-10 14:28:27.107,199,NULL,NULL,NULL
389,Bin,340,1,2021-05-10 14:29:20.533,199,NULL,NULL,NULL
390,Blower,340,1,2021-05-10 14:30:12.977,199,NULL,NULL,NULL
391,TLB,340,1,2021-05-10 14:31:02.873,199,NULL,NULL,NULL
392,Generator,340,1,2021-05-10 14:31:58.567,199,NULL,NULL,NULL
393,Dumbells,340,1,2021-05-10 14:32:52.870,199,NULL,NULL,NULL
394,Diesel Bowser,340,1,2021-05-10 14:33:59.087,199,NULL,NULL,NULL
395,Excavator,340,1,2021-05-10 14:34:45.737,199,NULL,NULL,NULL
396,Fumigator,340,1,2021-05-10 14:41:49.683,199,NULL,NULL,NULL
397,Grader,340,1,2021-05-10 14:42:39.127,199,NULL,NULL,NULL
398,Grass cutter,340,1,2021-05-10 14:43:30.663,199,NULL,NULL,NULL
399,Roller,340,1,2021-05-11 08:00:53.020,199,NULL,NULL,NULL
400,Picker,340,1,2021-05-11 08:01:51.610,199,NULL,NULL,NULL
401,Converter,340,1,2021-05-11 08:02:48.363,199,NULL,NULL,NULL
402,Lawnmower,340,1,2021-05-11 08:03:53.193,199,NULL,NULL,NULL
403,Weight,340,1,2021-05-11 08:04:39.730,199,NULL,NULL,NULL
404,Mower,340,1,2021-05-11 08:05:32.423,199,NULL,NULL,NULL
405,Measuring Wheel,340,1,2021-05-11 08:06:44.150,199,NULL,NULL,NULL
406,Pruner,340,1,2021-05-11 08:07:48.830,199,NULL,NULL,NULL
407,Compactor,340,1,2021-05-11 08:09:14.083,199,NULL,NULL,NULL
408,Compressor,340,1,2021-05-11 08:10:05.227,199,NULL,NULL,NULL
409,Crane,340,1,2021-05-11 08:10:51.280,199,NULL,NULL,NULL
410,Lights,340,1,2021-05-11 08:11:51.493,199,NULL,NULL,NULL
411,Tipper,340,1,2021-05-11 08:12:57.883,199,NULL,NULL,NULL
412,Pressing Machine,340,1,2021-05-11 08:14:17.453,199,NULL,NULL,NULL
413,Marking Machine,340,1,2021-05-11 08:15:08.287,199,NULL,NULL,NULL
414,Drill,340,1,2021-05-11 08:16:04.900,199,NULL,NULL,NULL
415,Concrete Cutter,340,1,2021-05-11 08:17:05.743,199,NULL,NULL,NULL
416,Tanker,340,1,2021-05-11 08:17:56.883,199,NULL,NULL,NULL
417,Water Dispenser,340,1,2021-05-11 08:18:55.213,199,NULL,NULL,NULL
418,Tractor,340,1,2021-05-11 08:19:49.803,199,NULL,NULL,NULL
419,Tredmill,340,1,2021-05-11 08:20:51.380,199,NULL,NULL,NULL
420,Waterwell,340,1,2021-05-11 08:22:07.550,199,NULL,NULL,NULL
421,Water Pump,340,1,2021-05-11 08:22:58.873,199,NULL,NULL,NULL
422,Welding Machine,340,1,2021-05-11 08:23:52.920,199,NULL,NULL,NULL
423,CHAIR HIGH BACK,336,1,2021-05-11 09:17:37.893,199,NULL,NULL,NULL
424,Walls,342,1,2021-06-11 14:27:44.353,199,NULL,NULL,NULL
425,Kerb Inlet,343,1,2021-06-11 14:28:17.303,199,NULL,NULL,NULL
426,External Furniture,344,1,2021-06-11 14:28:48.797,199,NULL,NULL,NULL
427,Footpath,344,1,2021-06-11 14:29:11.670,199,NULL,NULL,NULL
428,Perimeter Protection,344,1,2021-06-11 14:29:34.530,199,NULL,NULL,NULL
429,Carport,344,1,2021-06-11 14:29:57.043,199,NULL,NULL,NULL
430,Land,345,1,2021-06-11 14:30:19.133,199,NULL,NULL,NULL
431,Road Structural Layer,346,1,2021-06-11 14:30:41.753,199,NULL,NULL,NULL
432,External Furniture,347,1,2021-06-11 14:37:37.420,199,NULL,NULL,NULL
433,Paving,353,1,2021-06-14 10:10:56.027,199,NULL,NULL,NULL
434,Small Building - Enclosure,353,1,2021-06-14 10:12:13.950,199,NULL,NULL,NULL
435,Walls,353,1,2021-06-14 10:13:10.183,199,NULL,NULL,NULL
436,RC Structure,352,1,2021-06-14 10:14:17.397,199,NULL,NULL,NULL
437,Carport,351,1,2021-06-14 10:15:31.310,199,NULL,NULL,NULL
438,Landscaping,351,1,2021-06-14 10:16:23.687,199,NULL,NULL,NULL
439,Paving,351,1,2021-06-14 10:17:22.953,199,NULL,NULL,NULL
440,Perimeter Protection,351,1,2021-06-14 10:18:09.910,199,NULL,NULL,NULL
441,Land,350,1,2021-06-14 10:19:26.283,199,NULL,NULL,NULL
442,Road Structural Layer,349,1,2021-06-14 10:20:40.013,199,NULL,NULL,NULL
443,Land,334,1,2021-06-14 10:22:21.607,199,NULL,NULL,NULL
444,Land,384,1,2021-06-14 11:14:37.080,199,NULL,NULL,NULL
445,Small Building - Enclosure,385,1,2021-06-14 11:17:49.700,199,NULL,NULL,NULL
446,Walls,385,1,2021-06-14 11:19:04.660,199,NULL,NULL,NULL
447,Kerb Inlet,386,1,2021-06-14 11:20:46.867,199,NULL,NULL,NULL
448,Pipe - Storm Water,386,1,2021-06-14 11:22:30.060,199,NULL,NULL,NULL
449,RC Structure,386,1,2021-06-14 11:23:29.723,199,NULL,NULL,NULL
450,Steel Structure,386,1,2021-06-14 11:25:00.853,199,NULL,NULL,NULL
451,Tank,386,1,2021-06-14 11:25:55.743,199,NULL,NULL,NULL
452,Walls,387,1,2021-06-14 11:27:32.497,199,NULL,NULL,NULL
453,Carport,388,1,2021-06-14 11:46:29.057,199,NULL,NULL,NULL
454,External Furniture,388,1,2021-06-14 11:47:32.997,199,NULL,NULL,NULL
455,External Lighting,388,1,2021-06-14 11:48:22.477,199,NULL,NULL,NULL
456,Footpath,388,1,2021-06-14 11:49:15.333,199,NULL,NULL,NULL
457,Landscaping,388,1,2021-06-14 11:50:09.030,199,NULL,NULL,NULL
458,Perimeter Protection,388,1,2021-06-14 11:51:02.573,199,NULL,NULL,NULL
459,Sign - General,388,1,2021-06-14 11:51:53.960,199,NULL,NULL,NULL
460,Land,389,1,2021-06-14 11:53:32.227,199,NULL,NULL,NULL
461,Road Structural Layer,390,1,2021-06-14 11:54:52.387,199,NULL,NULL,NULL
462,Small Building - Enclosure,354,1,2021-06-14 12:12:15.550,199,NULL,NULL,NULL
463,Walls,354,1,2021-06-14 12:13:09.340,199,NULL,NULL,NULL
464,Perimeter Protection,355,1,2021-06-14 12:14:08.347,199,NULL,NULL,NULL
465,Sign - General,355,1,2021-06-14 12:16:20.990,199,NULL,NULL,NULL
466,Land,356,1,2021-06-14 12:17:25.103,199,NULL,NULL,NULL
467,Road Structural Layer,357,1,2021-06-14 12:18:23.363,199,NULL,NULL,NULL
468,Earthworks,357,1,2021-06-14 12:19:29.263,199,NULL,NULL,NULL
469,Kerb,357,1,2021-06-14 12:20:36.130,199,NULL,NULL,NULL
470,Land,358,1,2021-06-14 12:22:11.350,199,NULL,NULL,NULL
471,Small Building - Enclosure,359,1,2021-06-14 12:23:14.567,199,NULL,NULL,NULL
472,Perimeter Protection,360,1,2021-06-14 12:24:31.300,199,NULL,NULL,NULL
473,Land,361,1,2021-06-14 12:26:21.067,199,NULL,NULL,NULL
474,Perimeter Protection,363,1,2021-06-14 12:27:40.727,199,NULL,NULL,NULL
475,Walls,362,1,2021-06-14 12:28:44.497,199,NULL,NULL,NULL
476,Small Building - Enclosure,362,1,2021-06-14 12:29:51.367,199,NULL,NULL,NULL
477,Small Building - Enclosure,364,1,2021-06-14 12:31:49.670,199,NULL,NULL,NULL
478,Walls,364,1,2021-06-14 12:32:57.643,199,NULL,NULL,NULL
479,Channel,365,1,2021-06-14 12:34:19.117,199,NULL,NULL,NULL
480,Steel Structure,365,1,2021-06-14 12:35:24.340,199,NULL,NULL,NULL
481,Tank,365,1,2021-06-14 12:36:22.250,199,NULL,NULL,NULL
482,External Furniture,366,1,2021-06-14 12:37:57.010,199,NULL,NULL,NULL
483,External Lighting,366,1,2021-06-14 12:39:00.487,199,NULL,NULL,NULL
484,Footpath,366,1,2021-06-14 12:39:55.110,199,NULL,NULL,NULL
485,Landscaping,366,1,2021-06-14 12:40:58.617,199,NULL,NULL,NULL
486,Paving,366,1,2021-06-14 12:41:55.583,199,NULL,NULL,NULL
487,Perimeter Protection,366,1,2021-06-14 12:42:53.063,199,NULL,NULL,NULL
488,Land,367,1,2021-06-14 12:44:11.603,199,NULL,NULL,NULL
489,Walls,368,1,2021-06-14 12:45:31.227,199,NULL,NULL,NULL
490,External Furniture,369,1,2021-06-14 12:46:31.587,199,NULL,NULL,NULL
491,External Lighting,369,1,2021-06-14 12:47:41.337,199,NULL,NULL,NULL
492,Footpath,369,1,2021-06-14 12:48:43.710,199,NULL,NULL,NULL
493,Paving,369,1,2021-06-14 12:49:39.797,199,NULL,NULL,NULL
494,Perimeter Protection,369,1,2021-06-14 12:50:33.967,199,NULL,NULL,NULL
495,Small Building - Enclosure,369,1,2021-06-14 12:51:29.770,199,NULL,NULL,NULL
496,Land,370,1,2021-06-14 12:52:31.213,199,NULL,NULL,NULL
497,Walls,371,1,2021-06-14 12:53:54.287,199,NULL,NULL,NULL
498,Small Building - Enclosure,371,1,2021-06-14 12:54:51.267,199,NULL,NULL,NULL
499,RC Structure,372,1,2021-06-14 12:56:04.897,199,NULL,NULL,NULL
500,Steel Structure,372,1,2021-06-14 12:57:04.743,199,NULL,NULL,NULL
501,Tank,372,1,2021-06-14 12:57:59.797,199,NULL,NULL,NULL
502,Valve - Water,372,1,2021-06-14 12:58:55.077,199,NULL,NULL,NULL
503,External Furniture,373,1,2021-06-14 13:02:59.730,199,NULL,NULL,NULL
504,External Lighting,373,1,2021-06-14 13:03:54.270,199,NULL,NULL,NULL
505,Footpath,373,1,2021-06-14 13:04:56.163,199,NULL,NULL,NULL
506,Irrigation,373,1,2021-06-14 13:10:05.280,199,NULL,NULL,NULL
507,Landscaping,373,1,2021-06-14 13:11:19.433,199,NULL,NULL,NULL
508,Perimeter Protection,373,1,2021-06-14 13:12:19.660,199,NULL,NULL,NULL
509,Sign - General,373,1,2021-06-14 13:13:24.490,199,NULL,NULL,NULL
510,Small Building - Enclosure,373,1,2021-06-14 13:14:23.693,199,NULL,NULL,NULL
511,Land,374,1,2021-06-14 13:15:59.917,199,NULL,NULL,NULL
512,Land,375,1,2021-06-14 13:24:01.447,199,NULL,NULL,NULL
513,Fabricated Steel,376,1,2021-06-14 13:25:36.780,199,NULL,NULL,NULL
514,Walls,377,1,2021-06-14 13:35:05.107,199,NULL,NULL,NULL
515,RC Structure,377,1,2021-06-14 13:36:06.540,199,NULL,NULL,NULL
516,Culvert,378,1,2021-06-14 13:37:08.133,199,NULL,NULL,NULL
517,Earthworks,378,1,2021-06-14 13:38:17.533,199,NULL,NULL,NULL
518,Irrigation,378,1,2021-06-14 13:39:19.223,199,NULL,NULL,NULL
519,Masonry Structure,378,1,2021-06-14 13:40:14.537,199,NULL,NULL,NULL
520,Pipe - Storm Water,378,1,2021-06-14 13:41:18.830,199,NULL,NULL,NULL
521,RC Structure,378,1,2021-06-14 13:42:18.763,199,NULL,NULL,NULL
522,Steel Structure,378,1,2021-06-14 13:43:18.600,199,NULL,NULL,NULL
523,Tank,378,1,2021-06-14 13:44:16.063,199,NULL,NULL,NULL
524,External Furniture,379,1,2021-06-14 13:45:24.087,199,NULL,NULL,NULL
525,External Lighting,379,1,2021-06-14 13:46:26.743,199,NULL,NULL,NULL
526,Paving,379,1,2021-06-14 13:47:40.090,199,NULL,NULL,NULL
527,Perimeter Protection,379,1,2021-06-14 13:49:13.033,199,NULL,NULL,NULL
528,Sign - General,379,1,2021-06-14 13:50:21.417,199,NULL,NULL,NULL
529,Land,380,1,2021-06-14 13:51:25.293,199,NULL,NULL,NULL
530,Fabricated Steel,381,1,2021-06-14 13:52:50.297,199,NULL,NULL,NULL
531,Steel Structure,381,1,2021-06-14 13:53:52.980,199,NULL,NULL,NULL
532,Road Structural Layer,382,1,2021-06-14 13:54:59.137,199,NULL,NULL,NULL
533,Fabricated Steel,383,1,2021-06-14 13:55:59.653,199,NULL,NULL,NULL
534,Sports Field,383,1,2021-06-14 13:57:14.320,199,NULL,NULL,NULL
535,Road Structural Layer,272,1,2021-06-14 15:06:13.250,199,NULL,NULL,NULL
536,LV Overhead Line,174,1,2021-06-14 15:18:05.147,199,NULL,NULL,NULL
537,High Mast Light,302,1,2021-06-14 15:22:11.903,199,NULL,NULL,NULL
538,Street Lights,302,1,2021-06-14 15:24:28.837,199,NULL,NULL,NULL
539,Retaining Wall,41,1,2021-06-14 15:27:19.527,199,NULL,NULL,NULL
540,Steel Structure,41,1,2021-06-14 15:28:22.537,199,NULL,NULL,NULL
541,Pedestrian Bridge Railing,309,1,2021-06-14 15:45:22.893,199,NULL,NULL,NULL
542,Sign - GeneralSign - Regulatory,309,1,2021-06-14 15:48:28.313,199,NULL,NULL,NULL
543,Street Lights,309,1,2021-06-14 15:53:49.573,199,NULL,NULL,NULL
544,Commuter Bench,309,1,2021-06-14 15:56:07.160,199,NULL,NULL,NULL
545,Earthworks,96,1,2021-06-14 16:01:38.403,199,NULL,NULL,NULL
546,Paving,272,1,2021-06-14 16:03:16.937,199,NULL,NULL,NULL
547,Road Surface,272,1,2021-06-14 16:04:39.670,199,NULL,NULL,NULL
548,Street Lights,272,1,2021-06-14 16:06:02.263,199,NULL,NULL,NULL
549,Carport,391,1,2021-06-14 16:08:09.770,199,NULL,NULL,NULL
550,Grid Inlet,391,1,2021-06-14 16:09:12.357,199,NULL,NULL,NULL
551,Kerb,391,1,2021-06-14 16:10:43.950,199,NULL,NULL,NULL
552,Kerb Inlet,391,1,2021-06-14 16:11:46.037,199,NULL,NULL,NULL
553,Subsoil Drains,391,1,2021-06-14 16:12:51.360,199,NULL,NULL,NULL
554,Gabions,44,1,2021-06-14 16:14:28.520,199,NULL,NULL,NULL
555,RC Structure,44,1,2021-06-14 16:15:31.837,199,NULL,NULL,NULL
556,Sign - Regulatory,44,1,2021-06-14 16:16:41.863,199,NULL,NULL,NULL
557,Channel,79,1,2021-06-14 16:18:10.367,199,NULL,NULL,NULL
558,Culvert,79,1,2021-06-14 16:19:14.773,199,NULL,NULL,NULL
559,RC Structure,79,1,2021-06-14 16:20:16.807,199,NULL,NULL,NULL
560,Road Bridge Abutment,79,1,2021-06-14 16:21:21.247,199,NULL,NULL,NULL
561,Pipe - Sewer,295,1,2021-06-14 16:22:55.520,199,NULL,NULL,NULL
562,Pipe - Storm Water,295,1,2021-06-14 16:23:56.327,199,NULL,NULL,NULL
563,Pipe - Water,295,1,2021-06-14 16:24:59.677,199,NULL,NULL,NULL
564,Pipe Bridge Substructure,295,1,2021-06-14 16:26:07.643,199,NULL,NULL,NULL
565,Airconditioner,338,1,2021-06-15 16:09:12.657,199,NULL,NULL,NULL
566,Laminator,338,1,2021-06-15 16:10:31.277,199,NULL,NULL,NULL
567,Alcohol test,338,1,2021-06-15 16:11:37.157,199,NULL,NULL,NULL
568,Camera,338,1,2021-06-15 16:12:58.027,199,NULL,NULL,NULL
569,Heater,338,1,2021-06-15 16:14:15.837,199,NULL,NULL,NULL
570,Folding Machine,338,1,2021-06-15 16:15:23.803,199,NULL,NULL,NULL
571,Franking Machine,338,1,2021-06-15 16:16:39.170,199,NULL,NULL,NULL
572,Megaphone,338,1,2021-06-15 16:17:58.377,199,NULL,NULL,NULL
573,Box,338,1,2021-06-15 16:26:23.000,199,NULL,NULL,NULL
574,Bulk Filer,338,1,2021-06-15 16:27:29.137,199,NULL,NULL,NULL
575,Board,338,1,2021-06-15 16:28:36.097,199,NULL,NULL,NULL
576,Binding Machine,338,1,2021-06-15 16:29:46.377,199,NULL,NULL,NULL
577,Cash Drawer,338,1,2021-06-15 16:30:52.370,199,NULL,NULL,NULL
578,Cell Phone,338,1,2021-06-15 16:32:02.060,199,NULL,NULL,NULL
579,Divider,338,1,2021-06-15 16:33:09.653,199,NULL,NULL,NULL
580,Mic Stand,338,1,2021-06-15 16:34:45.680,199,NULL,NULL,NULL
581,Recorder,338,1,2021-06-15 16:35:50.500,199,NULL,NULL,NULL
582,Safe,338,1,2021-06-15 16:36:56.153,199,NULL,NULL,NULL
583,Shredder,338,1,2021-06-15 16:38:03.443,199,NULL,NULL,NULL
584,Speaker Stand,338,1,2021-06-15 16:39:11.723,199,NULL,NULL,NULL
585,Trolley,338,1,2021-06-15 16:40:19.323,199,NULL,NULL,NULL
586,Vacuum Cleaner,338,1,2021-06-15 16:41:27.203,199,NULL,NULL,NULL
587,Water Dispenser,338,1,2021-06-15 16:42:49.917,199,NULL,NULL,NULL
588,Fridge,337,1,2021-06-15 16:55:45.197,199,NULL,NULL,NULL
589,Laptop,392,1,2021-06-15 17:04:21.173,199,NULL,NULL,NULL
590,Ipad,392,1,2021-06-15 17:05:37.180,199,NULL,NULL,NULL
591,Media Player,393,1,2021-06-15 17:07:28.057,199,NULL,NULL,NULL
592,Desktop Computer,392,1,2021-06-15 17:18:09.573,199,NULL,NULL,NULL
593,External Drive,392,1,2021-06-15 17:19:31.540,199,NULL,NULL,NULL
594,Firewall,392,1,2021-06-15 17:20:45.107,199,NULL,NULL,NULL
595,Monitor,392,1,2021-06-15 17:22:05.530,199,NULL,NULL,NULL
596,Printer,392,1,2021-06-15 17:23:16.557,199,NULL,NULL,NULL
597,Router,392,1,2021-06-15 17:26:05.427,199,NULL,NULL,NULL
598,Server,392,1,2021-06-15 17:27:33.270,199,NULL,NULL,NULL
599,Switch,392,1,2021-06-15 17:28:55.150,199,NULL,NULL,NULL
600,UPS,392,1,2021-06-15 17:30:09.957,199,NULL,NULL,NULL
601,Microphone,393,1,2021-06-15 17:38:42.667,199,NULL,NULL,NULL
602,Mixing  Console,393,1,2021-06-15 17:39:59.893,199,NULL,NULL,NULL
603,Projector,393,1,2021-06-15 17:41:13.790,199,NULL,NULL,NULL
604,Projector Screen,393,1,2021-06-15 17:42:25.403,199,NULL,NULL,NULL
605,Speaker,393,1,2021-06-15 17:43:35.027,199,NULL,NULL,NULL
606,Fire Arm,339,1,2021-06-15 17:48:58.207,199,NULL,NULL,NULL
607,Speed Trap,339,1,2021-06-15 17:50:25.907,199,NULL,NULL,NULL
608,Benchpress,2,1,2021-06-15 17:54:35.790,199,2021-07-19 11:24:59.090,199,NULL
609,Brushcutter,340,1,2021-06-15 17:56:04.340,199,NULL,NULL,NULL
610,Chain Saw,340,1,2021-06-15 17:57:18.173,199,NULL,NULL,NULL
611,Cherry Picker,340,1,2021-06-15 17:59:52.647,199,NULL,NULL,NULL
612,Concrete Cutter Machine,340,1,2021-06-15 18:01:17.537,199,NULL,NULL,NULL
613,Skip Bin,340,1,2021-06-15 18:11:45.803,199,NULL,NULL,NULL
614,Scanner,340,1,2021-06-15 18:12:59.943,199,NULL,NULL,NULL
615,Grid Roller,340,1,2021-06-15 18:14:10.890,199,NULL,NULL,NULL
616,Road Marking Machine,340,1,2021-06-15 18:15:25.787,199,NULL,NULL,NULL
617,Hauler,340,1,2021-06-15 18:16:39.790,199,NULL,NULL,NULL
618,Emergency Lights,340,1,2021-06-15 18:18:07.153,199,NULL,NULL,NULL
619,GYM Equipment,340,1,2021-06-15 18:19:19.497,199,NULL,NULL,NULL
620,Fumigation Machine,340,1,2021-06-15 18:21:07.150,199,NULL,NULL,NULL
621,Plate Compactor,340,1,2021-06-15 18:22:21.033,199,NULL,NULL,NULL
622,Microwave,337,1,2021-06-15 18:29:58.687,199,NULL,NULL,NULL
623,Motor Vehicles,341,1,2021-06-15 18:35:31.753,199,NULL,NULL,NULL
624,Pruner Tree,340,1,2021-06-17 13:09:37.950,199,NULL,NULL,NULL
625,Benchpress,340,1,2021-07-19 11:36:51.243,199,NULL,NULL,NULL
626,Microwave,2,1,2021-11-11 08:48:49.393,199,2021-11-11 08:52:22.630,199,NULL
627,Speed Trap,2,1,2021-11-11 09:03:31.197,199,2021-11-11 09:07:06.557,199,NULL
628,Diesel Bowser Machine,340,1,2021-11-11 09:30:46.877,199,NULL,NULL,NULL
629,Security System,396,1,2021-11-11 09:56:20.507,199,NULL,NULL,NULL
630,Speed Trap,396,1,2021-11-11 11:12:34.523,199,NULL,NULL,NULL
631,Microphone,395,1,2021-11-11 11:29:59.983,199,NULL,NULL,NULL
632,Projector,395,1,2021-11-11 11:34:48.773,199,NULL,NULL,NULL
633,Fire Arm,397,1,2021-11-11 11:49:25.907,199,NULL,NULL,NULL
634,Land,398,1,2022-05-18 15:42:29.383,199,NULL,NULL,NULL
635,Municipal Flats,353,1,2022-05-18 19:50:57.797,199,NULL,NULL,NULL
636,Garage,353,1,2022-05-19 09:26:41.603,199,NULL,NULL,NULL
637,Dwelling Normal Size House,353,1,2022-05-19 09:27:29.770,199,NULL,NULL,NULL
638,Hall-Indoor Sport Complex,353,1,2022-05-19 09:29:01.317,199,NULL,NULL,NULL
639,Market,353,1,2022-05-19 09:29:26.803,199,NULL,NULL,NULL
640,Internal Road,349,1,2022-05-19 09:32:31.237,199,NULL,NULL,NULL
641,Catchpit,399,1,2022-05-19 09:37:16.557,199,2024-04-15 07:36:30.160,562,0
642,Tank Stand,352,1,2022-05-19 09:41:57.137,199,NULL,NULL,NULL
643,Footpath,351,1,2022-05-19 09:51:31.927,199,NULL,NULL,NULL
644,Tank,352,1,2022-05-19 09:57:03.830,199,NULL,NULL,NULL
645,Ablution - Change Rooms,377,1,2022-05-19 12:07:35.147,199,NULL,NULL,NULL
646,Ablution Block,377,1,2022-05-19 12:09:09.577,199,NULL,NULL,NULL
647,Taxi Rank,342,1,2022-05-19 12:38:29.030,199,NULL,NULL,NULL
648,License testing centre,359,1,2022-05-19 12:39:39.020,199,NULL,NULL,NULL
649,Library,368,1,2022-05-19 12:41:19.227,199,NULL,NULL,NULL
650,Parking,346,1,2022-05-19 12:47:52.657,199,NULL,NULL,NULL
651,Parking,400,1,2022-05-19 12:50:20.687,199,NULL,NULL,NULL
652,Walkway,373,1,2022-05-19 12:52:43.047,199,NULL,NULL,NULL
653,Walkway,366,1,2022-05-19 12:53:42.493,199,NULL,NULL,NULL
654,Walkway,344,1,2022-05-19 12:54:37.763,199,NULL,NULL,NULL
655,Office Block,362,1,2022-05-19 12:57:29.080,199,NULL,NULL,NULL
656,Office Block,364,1,2022-05-19 12:58:52.560,199,NULL,NULL,NULL
657,Office Block,342,1,2022-05-19 13:02:12.207,199,NULL,NULL,NULL
658,Office Block,377,1,2022-05-19 13:03:52.877,199,NULL,NULL,NULL
659,Boreholes,373,1,2022-05-19 13:13:19.157,199,NULL,NULL,NULL
660,Cenotaph,373,1,2022-05-19 13:15:22.083,199,NULL,NULL,NULL
661,Changeroom,377,1,2022-05-19 13:18:44.193,199,NULL,NULL,NULL
662,Community Hall,364,1,2022-05-19 13:41:53.827,199,NULL,NULL,NULL
663,Dwelling Low Cost Housing,364,1,2022-05-19 13:44:00.587,199,NULL,NULL,NULL
664,Handrails,366,1,2022-05-19 13:45:31.843,199,NULL,NULL,NULL
665,Heritage Building,364,1,2022-05-19 13:46:57.107,199,NULL,NULL,NULL
666,Kerb Barrier,401,1,2022-05-19 13:50:56.507,199,NULL,NULL,NULL
667,Lawns,373,1,2022-05-19 13:52:50.077,199,NULL,NULL,NULL
668,Mobile Office,364,1,2022-05-19 13:54:12.253,199,NULL,NULL,NULL
669,Netball Court,383,1,2022-05-19 13:55:29.287,199,NULL,NULL,NULL
670,Paved Area,402,1,2022-05-19 13:58:25.010,199,NULL,NULL,NULL
671,Paved Area,346,1,2022-05-19 13:59:11.407,199,NULL,NULL,NULL
672,Pavement,346,1,2022-05-19 14:00:10.387,199,NULL,NULL,NULL
673,Pavilion,378,1,2022-05-19 14:00:58.190,199,NULL,NULL,NULL
674,Small Urban Office,371,1,2022-05-19 14:02:14.097,199,NULL,NULL,NULL
675,Small Urban Office,342,1,2022-05-19 14:02:58.980,199,NULL,NULL,NULL
676,Sub-soil Drain Pipe,403,1,2022-05-19 14:05:25.313,199,NULL,NULL,NULL
677,Unpaved Road,346,1,2022-05-19 14:06:23.493,199,NULL,NULL,NULL
678,Perimeter Protection,404,1,2022-05-19 14:12:36.923,199,NULL,NULL,NULL
679,Internal Road,400,1,2022-05-19 14:15:43.290,199,NULL,NULL,NULL
680,External Furniture,355,1,2022-05-19 14:39:17.910,199,NULL,NULL,NULL
681,Ablution Block,371,1,2022-05-19 15:00:43.203,199,NULL,NULL,NULL
682,Ablution Block,364,1,2022-05-19 15:05:31.167,199,NULL,NULL,NULL
683,Small Building - Enclosure,342,1,2022-05-19 15:18:38.500,199,NULL,NULL,NULL
684,Channel,405,1,2022-05-19 15:31:16.197,199,NULL,NULL,NULL
685,Channel,406,1,2022-05-19 15:31:49.177,199,NULL,NULL,NULL
686,Small Building - Enclosure,377,1,2022-05-19 15:40:23.540,199,NULL,NULL,NULL
687,Internal Road,357,1,2022-05-19 15:48:12.027,199,NULL,NULL,NULL
688,Internal Road,382,1,2022-05-19 15:49:21.283,199,NULL,NULL,NULL
689,Internal Road,346,1,2022-05-19 15:51:45.880,199,NULL,NULL,NULL
690,Hall-Indoor Sport Complex,364,1,2022-05-19 15:54:01.420,199,NULL,NULL,NULL
691,Tank,407,1,2022-05-19 16:07:25.360,199,NULL,NULL,NULL
692,Culvert,406,1,2022-05-19 17:39:05.667,199,NULL,NULL,NULL
693,Retaining Wall,378,1,2022-05-19 17:41:59.883,199,NULL,NULL,NULL
694,Tank Stand,365,1,2022-05-19 17:45:07.297,199,NULL,NULL,NULL
695,Tank Stand,407,1,2022-05-19 17:45:56.440,199,NULL,NULL,NULL
696,Tank Stand,2,1,2022-05-19 17:46:22.113,199,2022-05-19 17:50:58.513,199,NULL
697,Tank Stand,372,1,2022-05-19 17:47:13.383,199,NULL,NULL,NULL
698,Tank Stand,378,1,2022-05-19 17:52:29.840,199,NULL,NULL,NULL
699,Small Building - Enclosure,368,1,2022-05-19 17:57:51.543,199,NULL,NULL,NULL
700,Pipe - Storm Water,403,1,2022-05-19 18:11:13.177,199,NULL,NULL,NULL
701,Market,342,1,2022-05-19 18:13:10.900,199,NULL,NULL,NULL
702,Kerb Inlet,408,1,2022-05-19 18:31:27.913,199,NULL,NULL,NULL
703,Earthworks,409,1,2022-05-19 18:36:45.883,199,NULL,NULL,NULL
704,Earthworks,410,1,2022-05-19 18:37:12.123,199,NULL,NULL,NULL
705,Small Building - Enclosure,376,1,2022-05-19 18:39:16.717,199,NULL,NULL,NULL
706,Footpath,379,1,2022-05-19 18:43:34.960,199,NULL,NULL,NULL
707,Catchpit,406,1,2022-05-19 18:49:46.253,199,NULL,NULL,NULL
708,Swimming Pool,383,1,2022-05-19 18:52:04.467,199,NULL,NULL,NULL
709,Paved Area,382,1,2022-05-19 19:00:02.877,199,NULL,NULL,NULL
710,External Lighting,411,1,2022-05-19 19:29:18.157,199,NULL,NULL,NULL
711,Rural Electrification,215,1,2022-05-19 19:29:42.880,199,NULL,NULL,NULL
712,LED Lights,302,1,2022-05-19 19:30:32.327,199,NULL,NULL,NULL
713,Access Road,272,1,2022-05-20 11:35:16.053,199,NULL,NULL,NULL
714,Cattle Grid,41,1,2022-05-20 11:45:26.940,199,NULL,NULL,NULL
715,Parking,412,1,2022-05-20 11:47:54.923,199,NULL,NULL,NULL
716,Paved Area,412,1,2022-05-20 11:48:31.103,199,NULL,NULL,NULL
717,Railing - Handrails,309,1,2022-05-20 11:51:51.653,199,NULL,NULL,NULL
718,Rubbish Bin,309,1,2022-05-20 11:52:32.017,199,NULL,NULL,NULL
719,Sign - Guidance,309,1,2022-05-20 11:53:00.977,199,NULL,NULL,NULL
720,Sign - Information,309,1,2022-05-20 11:53:28.207,199,NULL,NULL,NULL
721,Sign - Warning,309,1,2022-05-20 11:54:05.410,199,NULL,NULL,NULL
722,Traffic Circle,309,1,2022-05-20 11:55:03.587,199,NULL,NULL,NULL
723,Walkway,309,1,2022-05-20 11:55:41.043,199,NULL,NULL,NULL
724,Bridge Abutment,308,1,2022-05-20 12:04:39.660,199,NULL,NULL,NULL
725,Bridge Side Barrier,308,1,2022-05-20 12:05:12.177,199,NULL,NULL,NULL
726,Bridge Sub Structure,308,1,2022-05-20 12:05:36.833,199,NULL,NULL,NULL
727,Low Level Bridge,308,1,2022-05-20 12:06:08.737,199,NULL,NULL,NULL
728,Vehicle Bridge,308,1,2022-05-20 12:06:33.847,199,NULL,NULL,NULL
729,Gabions,413,1,2022-05-20 12:10:31.777,199,NULL,NULL,NULL
730,Catchpit,414,1,2022-05-20 12:12:29.777,199,NULL,NULL,NULL
731,Channel,414,1,2022-05-20 12:13:04.467,199,NULL,NULL,NULL
732,Culvert,414,1,2022-05-20 12:13:35.617,199,NULL,NULL,NULL
733,Head And Wingwalls,414,1,2022-05-20 12:14:03.693,199,NULL,NULL,NULL
734,Kerb,414,1,2022-05-20 12:14:28.087,199,NULL,NULL,NULL
735,Kerb Barrier,414,1,2022-05-20 12:14:54.660,199,NULL,NULL,NULL
736,Kerb Inlet,414,1,2022-05-20 12:15:26.513,199,NULL,NULL,NULL
737,Pavement,272,1,2022-05-20 12:23:07.527,199,NULL,NULL,NULL
738,Unpaved Road,272,1,2022-05-20 12:23:53.547,199,NULL,NULL,NULL
739,Pipe - Storm Water,415,1,2022-05-20 12:35:22.283,199,NULL,NULL,NULL
740,Pipe,415,1,2022-05-20 12:35:49.120,199,NULL,NULL,NULL
741,Street Lights,416,1,2022-05-20 12:39:57.933,199,NULL,NULL,NULL
742,Manhole,44,1,2022-05-20 14:11:35.737,199,NULL,NULL,NULL
743,Catchpit,79,1,2022-05-20 14:13:48.033,199,NULL,NULL,NULL
744,Kerb Barrier,79,1,2022-05-20 14:14:29.320,199,NULL,NULL,NULL
745,Kerb Inlet,79,1,2022-05-20 14:14:59.090,199,NULL,NULL,NULL
746,Pipe,295,1,2022-05-20 14:21:30.653,199,NULL,NULL,NULL
747,Low Level Bridge,417,1,2022-05-20 14:24:06.180,199,NULL,NULL,NULL
748,Ablution - Change Rooms,385,1,2022-05-20 15:36:56.057,199,NULL,NULL,NULL
749,Dwelling Low Cost Housing,385,1,2022-05-20 15:37:46.540,199,NULL,NULL,NULL
750,Dwelling Normal Size House,385,1,2022-05-20 15:38:11.813,199,NULL,NULL,NULL
751,Garage,385,1,2022-05-20 15:38:37.170,199,NULL,NULL,NULL
752,Hall-Indoor Sport Complex,385,1,2022-05-20 15:39:00.063,199,NULL,NULL,NULL
753,Mobile Office,385,1,2022-05-20 15:39:25.440,199,NULL,NULL,NULL
754,Office Block,385,1,2022-05-20 15:39:49.280,199,NULL,NULL,NULL
755,Small Urban Office,385,1,2022-05-20 15:40:24.673,199,NULL,NULL,NULL
756,Board,336,1,2022-05-30 11:19:07.943,252,NULL,NULL,NULL
757,Sick Bed,336,1,2022-05-30 11:33:17.257,252,NULL,NULL,NULL
758,Computer Workstation,336,1,2022-05-30 11:35:15.147,252,NULL,NULL,NULL
759,Projector Screen,395,1,2022-05-30 11:37:08.057,252,NULL,NULL,NULL
760,Microwave,394,1,2022-05-30 12:40:27.800,252,NULL,NULL,NULL
761,Voice Recorder,338,1,2022-05-30 12:58:37.970,252,NULL,NULL,NULL
762,CPU,392,1,2022-05-30 13:41:42.213,251,NULL,NULL,NULL
763,Fridge,394,1,2022-05-30 14:26:03.353,252,NULL,NULL,NULL
764,TV Screen,338,1,2022-05-30 15:08:33.627,252,NULL,NULL,NULL
765,PA System,338,1,2022-05-30 15:11:45.937,252,NULL,NULL,NULL
766,Mixing  Console,395,1,2022-05-30 15:29:42.213,252,NULL,NULL,NULL
767,Speaker,395,1,2022-05-31 08:40:39.567,252,NULL,NULL,NULL
768,Media Player,395,1,2022-05-31 09:26:45.907,252,NULL,NULL,NULL
769,Pressure Washer,340,1,2022-05-31 11:14:57.047,252,NULL,NULL,NULL
770,Boom Spray,340,1,2022-05-31 11:17:54.343,252,NULL,NULL,NULL
771,Plough,340,1,2022-05-31 11:23:05.603,252,NULL,NULL,NULL
772,License Disk Scanner,340,1,2022-05-31 11:25:36.337,252,NULL,NULL,NULL
773,Planter,340,1,2022-05-31 11:28:26.257,252,NULL,NULL,NULL
774,Lifeguard Post and Seat,340,1,2022-05-31 11:54:09.840,252,NULL,NULL,NULL
775,Swimming Pool Sweeper,340,1,2022-05-31 11:55:49.200,252,NULL,NULL,NULL
776,Edge Trimmer,340,1,2022-05-31 11:57:31.833,252,NULL,NULL,NULL
777,Truck,340,1,2022-05-31 12:00:50.090,252,NULL,NULL,NULL
778,Trailer,340,1,2022-05-31 12:02:22.077,252,NULL,NULL,NULL
779,Speed Trap,340,1,2022-05-31 12:03:58.120,252,NULL,NULL,NULL
780,Tank Stand,386,1,2022-06-01 11:59:22.113,252,NULL,NULL,NULL
781,Internal Road,390,1,2022-06-01 12:01:41.267,252,NULL,NULL,NULL
782,Kerb Inlet,418,1,2022-06-01 12:07:23.533,252,NULL,NULL,NULL
783,Walkway,388,1,2022-06-01 12:20:31.117,252,NULL,NULL,NULL
784,Lawns,388,1,2022-06-01 12:22:34.767,252,NULL,NULL,NULL
785,Pipe - Storm Water,419,1,2022-06-01 14:19:24.010,252,NULL,NULL,NULL
786,Pipe,419,1,2022-06-01 15:58:13.230,252,NULL,NULL,NULL
787,Culvert,418,1,2022-06-01 16:04:43.953,252,NULL,NULL,NULL
788,Paved Area,390,1,2022-06-01 16:10:56.243,252,NULL,NULL,NULL
789,Tourism Structure,423,1,2022-06-08 08:26:26.793,251,NULL,NULL,NULL
790,Community Hall,421,1,2022-06-08 08:36:42.380,251,NULL,NULL,NULL
791,Community Hall - Retention,421,1,2022-06-08 08:47:47.567,251,NULL,NULL,NULL
792,Sports Facility,420,1,2022-06-08 08:51:14.113,251,NULL,NULL,NULL
793,Sports Facility - Retention,420,1,2022-06-08 08:53:02.300,251,NULL,NULL,NULL
794,Taxi Rank - Retention,424,1,2022-06-08 11:43:43.960,251,NULL,NULL,NULL
795,Testing Station,422,1,2022-06-08 11:48:38.367,251,NULL,NULL,NULL
796,Testing Station - Retention,422,1,2022-06-08 11:58:14.583,251,NULL,NULL,NULL
797,Taxi Rank,5,1,2022-06-14 12:58:56.007,251,2022-06-14 13:02:23.727,251,NULL
798,Taxi Rank,424,1,2022-06-14 13:09:19.350,251,NULL,NULL,NULL
799,Network Server,392,1,2022-10-03 14:15:40.390,251,NULL,NULL,NULL
800,Server Rack Mount,392,1,2022-10-03 14:18:47.017,251,NULL,NULL,NULL
801,Sign Electronic LED,309,1,2022-10-04 09:45:17.807,252,NULL,NULL,NULL
802,Manhole,414,1,2022-10-04 10:27:17.717,252,NULL,NULL,NULL
803,High Mast Light,416,1,2022-10-04 10:58:34.623,252,NULL,NULL,NULL
804,Post Top Light,416,1,2022-10-04 11:00:27.933,252,NULL,NULL,NULL
805,Filing Cabinet,336,1,2022-10-04 11:00:53.220,252,NULL,NULL,NULL
806,Visitors Chair,336,1,2022-10-04 11:01:27.207,252,NULL,NULL,NULL
807,Light Box with Poles,336,1,2022-10-04 11:01:58.237,252,NULL,NULL,NULL
808,Land,426,1,2022-10-04 12:09:26.337,252,NULL,NULL,NULL
809,Cell Phone,336,1,2022-10-04 14:49:48.953,252,NULL,NULL,NULL
810,Boardroom Table,336,1,2022-10-04 14:50:28.010,252,NULL,NULL,NULL
811,Boardroom Desk,336,1,2022-10-04 14:50:55.297,252,NULL,NULL,NULL
812,Brochure Stand,336,1,2022-10-04 14:51:22.127,252,NULL,NULL,NULL
813,Bulk Filer,336,1,2022-10-04 14:51:50.470,252,NULL,NULL,NULL
814,Chairs And Couches,336,1,2022-10-04 14:52:19.853,252,NULL,NULL,NULL
815,Coat Stand,336,1,2022-10-04 14:52:56.903,252,NULL,NULL,NULL
816,Coffee Table,336,1,2022-10-04 14:53:48.993,252,NULL,NULL,NULL
817,Conference Table,336,1,2022-10-04 14:54:34.600,252,NULL,NULL,NULL
818,Desk - Credenza and Pedestal,336,1,2022-10-04 14:55:09.483,252,NULL,NULL,NULL
819,Desk Extension,336,1,2022-10-04 14:55:41.160,252,NULL,NULL,NULL
820,Digital Voice Processing,336,1,2022-10-04 14:56:11.140,252,NULL,NULL,NULL
821,Draughtsman Chair,336,1,2022-10-04 14:56:39.750,252,NULL,NULL,NULL
822,Dual Vocal Set,336,1,2022-10-04 14:57:12.653,252,NULL,NULL,NULL
823,Dunham Bush,336,1,2022-10-04 14:57:39.370,252,NULL,NULL,NULL
824,Interactive White Board System-Projector,336,1,2022-10-04 14:58:22.657,252,NULL,NULL,NULL
825,Loudhailer,336,1,2022-10-04 14:58:58.683,252,NULL,NULL,NULL
826,Open L - Extension,336,1,2022-10-04 14:59:24.157,252,NULL,NULL,NULL
827,Projector Stand,336,1,2022-10-04 15:00:06.480,252,NULL,NULL,NULL
828,Quarter Link,336,1,2022-10-04 15:00:33.007,252,NULL,NULL,NULL
829,Reception Counter,336,1,2022-10-04 15:01:04.847,252,NULL,NULL,NULL
830,Trolley,336,1,2022-10-04 15:01:40.577,252,NULL,NULL,NULL
831,Coat and Hat Stand,336,1,2022-10-04 15:11:26.687,252,NULL,NULL,NULL
832,Amplifier,336,1,2022-10-04 16:37:38.993,252,NULL,NULL,NULL
833,Beltpack Transmitter,336,1,2022-10-04 16:38:13.597,252,NULL,NULL,NULL
834,Gym Stand Bars,336,1,2022-10-04 16:38:44.443,252,NULL,NULL,NULL
835,TV Screen,336,1,2022-10-04 16:58:48.090,252,NULL,NULL,NULL
836,Office Block - Electrical Connection,385,1,2022-10-05 10:48:42.580,252,NULL,NULL,NULL
837,Generator Building,368,1,2022-10-05 11:25:00.183,252,NULL,NULL,NULL
838,Street Light,427,1,2022-10-05 11:30:25.757,252,NULL,NULL,NULL
839,Flowerbed And Shrub -Trees,379,1,2022-10-05 12:50:42.867,252,NULL,NULL,NULL
840,Flowerbed And Shrub -Trees,428,1,2022-10-05 12:53:16.917,252,NULL,NULL,NULL
841,Flowerbed And Shrub -Trees,429,1,2022-10-05 12:53:55.083,252,NULL,NULL,NULL
842,Athletics Outdoor Track And Field,383,1,2022-10-05 13:05:38.460,252,NULL,NULL,NULL
843,Ballade Poles,372,1,2022-10-05 13:08:49.870,252,NULL,NULL,NULL
844,Culvert Pipe,406,1,2022-10-05 13:16:26.763,252,NULL,NULL,NULL
845,Dwelling Flats,377,1,2022-10-05 13:18:35.627,252,NULL,NULL,NULL
846,Pump Station Building,377,1,2022-10-05 13:20:05.197,252,NULL,NULL,NULL
847,Rugby Field,383,1,2022-10-05 13:23:30.977,252,NULL,NULL,NULL
848,Softball Field,383,1,2022-10-05 13:24:14.043,252,NULL,NULL,NULL
849,Golf Course,383,1,2022-10-05 13:24:46.450,252,NULL,NULL,NULL
850,Office Small Urban Office - Similar To House,371,1,2022-10-05 13:28:26.077,252,NULL,NULL,NULL
851,Office Small Urban Office - Similar To House,342,1,2022-10-05 13:38:09.580,252,NULL,NULL,NULL
852,Fire Arm,430,1,2022-10-05 16:28:30.000,252,NULL,NULL,NULL
853,Other assets,431,1,2022-10-06 08:35:22.430,252,NULL,NULL,NULL
854,Tennis Court,383,1,2022-10-06 08:41:03.133,252,NULL,NULL,NULL
855,Flowerbed And Shrub -Trees,373,1,2022-10-06 08:51:26.660,252,NULL,NULL,NULL
856,Medal,434,1,2022-10-06 12:28:43.913,252,NULL,NULL,NULL
857,Chain,434,1,2022-10-06 12:29:24.823,252,NULL,NULL,NULL
858,Server Mount Cabinet,392,1,2022-10-06 12:39:52.730,251,NULL,NULL,NULL
859,External Hard Drive,392,1,2022-10-06 12:47:00.723,251,NULL,NULL,NULL
860,Forticare,392,1,2022-10-06 13:17:32.473,251,NULL,NULL,NULL
861,Document Sealer 2D,392,1,2022-10-06 13:40:20.793,251,NULL,NULL,NULL
862,Monochrome Payslip Laser Printer,392,1,2022-10-06 13:46:54.693,251,NULL,NULL,NULL
863,2 Way Radio,432,1,2022-10-07 10:08:12.940,252,NULL,NULL,NULL
864,Air Jack,432,1,2022-10-07 10:08:41.787,252,NULL,NULL,NULL
865,Angle Grinder,432,1,2022-10-07 10:09:08.023,252,NULL,NULL,NULL
866,Backhoe Loader-TLB,432,1,2022-10-07 10:09:57.020,252,NULL,NULL,NULL
867,Battery Charger,432,1,2022-10-07 10:10:39.727,252,NULL,NULL,NULL
868,Bench Press,432,1,2022-10-07 10:11:11.540,252,NULL,NULL,NULL
869,Blower,432,1,2022-10-07 10:12:12.377,252,NULL,NULL,NULL
870,Boom Spray,432,1,2022-10-07 10:12:52.083,252,NULL,NULL,NULL
871,Cabinet Battery Box,432,1,2022-10-07 10:13:33.177,252,NULL,NULL,NULL
872,Chainsaw,432,1,2022-10-07 10:13:55.977,252,NULL,NULL,NULL
873,Cherry Picker,432,1,2022-10-07 10:14:20.023,252,NULL,NULL,NULL
874,Cold Milling Machine,432,1,2022-10-07 10:14:46.100,252,NULL,NULL,NULL
875,Compactor,432,1,2022-10-07 10:15:12.220,252,NULL,NULL,NULL
876,Compressor,432,1,2022-10-07 10:16:18.917,252,NULL,NULL,NULL
877,Converter,432,1,2022-10-07 10:16:57.830,252,NULL,NULL,NULL
878,Crane,432,1,2022-10-07 10:17:28.977,252,NULL,NULL,NULL
879,Diesel Bowser Trailer,432,1,2022-10-07 10:17:52.267,252,NULL,NULL,NULL
880,Drill,432,1,2022-10-07 10:18:40.250,252,NULL,NULL,NULL
881,Dumbbells,432,1,2022-10-07 10:19:04.767,252,NULL,NULL,NULL
882,Dumpy Level,432,1,2022-10-07 10:19:47.320,252,NULL,NULL,NULL
883,Edge Trimmer,432,1,2022-10-07 10:20:11.183,252,NULL,NULL,NULL
884,Excavator,432,1,2022-10-07 10:21:03.667,252,NULL,NULL,NULL
885,Fumigation Machine,432,1,2022-10-07 10:21:26.680,252,NULL,NULL,NULL
886,Generator,432,1,2022-10-07 10:21:52.930,252,NULL,NULL,NULL
887,Grader,432,1,2022-10-07 10:22:40.737,252,NULL,NULL,NULL
888,Grass Cutter,432,1,2022-10-07 10:23:47.410,252,NULL,NULL,NULL
889,Grass Cutter Machine,432,1,2022-10-07 10:24:12.693,252,NULL,NULL,NULL
890,Grid Roller,432,1,2022-10-07 10:24:36.207,252,NULL,NULL,NULL
891,Grinder,432,1,2022-10-07 10:25:33.977,252,NULL,NULL,NULL
892,High Pressure Washer,432,1,2022-10-07 10:25:57.080,252,NULL,NULL,NULL
893,Hydraulic Heavy Crimper,432,1,2022-10-07 10:26:25.553,252,NULL,NULL,NULL
894,Industrial Generator,432,1,2022-10-07 10:28:44.460,252,NULL,NULL,NULL
895,Jack,432,1,2022-10-07 10:29:07.777,252,NULL,NULL,NULL
896,Licence Disk Scanner and Number Plate Recognition,432,1,2022-10-07 10:29:32.927,252,NULL,NULL,NULL
897,Lifeguard Post and Seat,432,1,2022-10-07 10:30:08.300,252,NULL,NULL,NULL
898,Lowbed,432,1,2022-10-07 10:31:39.347,252,NULL,NULL,NULL
899,Maize Planter,432,1,2022-10-07 10:32:03.720,252,NULL,NULL,NULL
900,Maximum User Weight,432,1,2022-10-07 10:32:27.077,252,NULL,NULL,NULL
901,Maximum Weight Capacity,432,1,2022-10-07 10:32:56.127,252,NULL,NULL,NULL
902,Measuring Wheel,432,1,2022-10-07 10:33:21.907,252,NULL,NULL,NULL
903,Mouldboard Plough,432,1,2022-10-07 10:33:46.133,252,NULL,NULL,NULL
904,Mower,432,1,2022-10-07 10:34:22.310,252,NULL,NULL,NULL
905,Multipurpose Tester Digital,432,1,2022-10-07 10:34:53.777,252,NULL,NULL,NULL
906,Offset Disc Harrow,432,1,2022-10-07 10:37:13.327,252,NULL,NULL,NULL
907,Planter,432,1,2022-10-07 10:39:16.773,252,NULL,NULL,NULL
908,Pressing Machine,432,1,2022-10-07 10:48:32.203,252,NULL,NULL,NULL
909,Pruner Tree,432,1,2022-10-07 10:49:54.043,252,NULL,NULL,NULL
910,Roadblock Lights,432,1,2022-10-07 10:50:34.467,252,NULL,NULL,NULL
911,Roller,432,1,2022-10-07 10:51:07.480,252,NULL,NULL,NULL
912,Skip Bin,432,1,2022-10-07 10:51:33.147,252,NULL,NULL,NULL
913,Skip Truck,432,1,2022-10-07 10:51:59.207,252,NULL,NULL,NULL
914,Speed Measuring Instrument,432,1,2022-10-07 10:52:25.563,252,NULL,NULL,NULL
915,Speed Trapper,432,1,2022-10-07 10:52:51.327,252,NULL,NULL,NULL
916,Tanker Fuel,432,1,2022-10-07 10:53:17.180,252,NULL,NULL,NULL
917,Tar-Concrete Cutter Machine,432,1,2022-10-07 10:53:57.123,252,NULL,NULL,NULL
918,Tip Truck,432,1,2022-10-07 10:54:30.720,252,NULL,NULL,NULL
919,Tipper Truck,432,1,2022-10-07 10:54:58.420,252,NULL,NULL,NULL
920,Tool bag set,432,1,2022-10-07 10:55:50.423,252,NULL,NULL,NULL
921,Tractor,432,1,2022-10-07 10:56:16.190,252,NULL,NULL,NULL
922,Tractor Roller Mower,432,1,2022-10-07 10:56:42.913,252,NULL,NULL,NULL
923,Trailer,432,1,2022-10-07 10:57:18.530,252,NULL,NULL,NULL
924,Treadmill,432,1,2022-10-07 10:58:39.567,252,NULL,NULL,NULL
925,Truck,432,1,2022-10-07 10:59:06.777,252,NULL,NULL,NULL
926,Tyre Inflator and Deflator,432,1,2022-10-07 10:59:32.523,252,NULL,NULL,NULL
927,Vibratory Compactor,432,1,2022-10-07 11:00:17.890,252,NULL,NULL,NULL
928,Water Pump Machine,432,1,2022-10-07 11:01:05.847,252,NULL,NULL,NULL
929,Welding Machine,432,1,2022-10-07 11:01:40.653,252,NULL,NULL,NULL
930,Inflatable ribbon,433,1,2022-10-07 11:04:01.457,252,NULL,NULL,NULL
931,Grinder,433,1,2022-10-07 11:04:28.520,252,NULL,NULL,NULL
932,Perimeter Protection,435,1,2022-10-07 12:47:27.273,252,NULL,NULL,NULL
933,Boom Gate,379,1,2022-10-07 13:14:24.100,252,NULL,NULL,NULL
934,Park Table,379,1,2022-10-07 13:15:14.010,252,NULL,NULL,NULL
935,Flowerbed And Shrub -Trees,366,1,2022-10-07 13:42:51.653,252,NULL,NULL,NULL
936,Hall-Indoor Sport Complex,366,1,2022-10-07 13:43:38.397,252,NULL,NULL,NULL
937,Ablution - Change Rooms,421,1,2022-10-07 13:45:09.330,252,NULL,NULL,NULL
938,Small Building - Enclosure,421,1,2022-10-07 13:45:59.217,252,NULL,NULL,NULL
939,Kerb Barrier,405,1,2022-10-07 13:46:41.967,252,NULL,NULL,NULL
940,Small Building - Enclosure,436,1,2022-10-07 14:03:11.990,252,NULL,NULL,NULL
941,Perimeter Protection,437,1,2022-10-07 14:03:44.223,252,NULL,NULL,NULL
942,Tank,438,1,2022-10-07 14:04:14.683,252,NULL,NULL,NULL
943,Tank Stand,438,1,2022-10-07 14:04:44.513,252,NULL,NULL,NULL
944,Fabricated Steel,439,1,2022-10-07 14:10:05.407,252,NULL,NULL,NULL
945,Kerb Barrier,408,1,2022-10-07 14:15:49.680,252,NULL,NULL,NULL
946,Gabions,440,1,2022-10-07 14:17:09.417,252,NULL,NULL,NULL
947,Kerb Barrier,406,1,2022-10-07 14:24:27.303,252,NULL,NULL,NULL
948,Hall-Indoor Sport Complex,377,1,2022-10-07 14:25:15.277,252,NULL,NULL,NULL
949,Walkway,379,1,2022-10-07 14:25:57.823,252,NULL,NULL,NULL
950,Carport,379,1,2022-10-07 14:41:40.380,252,NULL,NULL,NULL
951,Laptop Docking Station,392,1,2022-10-09 17:04:04.927,251,NULL,NULL,NULL
952,Patch Panel,392,1,2022-10-09 17:09:29.263,251,NULL,NULL,NULL
953,Fiber Tray,392,1,2022-10-09 17:13:32.333,251,NULL,NULL,NULL
954,NAS Storage,392,1,2022-10-09 17:17:37.967,251,NULL,NULL,NULL
955,Proline,392,1,2022-10-09 17:24:10.433,251,NULL,NULL,NULL
956,Optical Transceiver,392,1,2022-10-09 18:32:42.387,251,NULL,NULL,NULL
957,Ablution - Change Rooms,364,1,2022-10-10 07:55:16.033,252,NULL,NULL,NULL
958,External Furniture,404,1,2022-10-10 08:08:32.917,252,NULL,NULL,NULL
959,Parking,402,1,2022-10-10 08:23:31.193,252,NULL,NULL,NULL
960,Perimeter Protection,441,1,2022-10-10 09:12:52.397,252,NULL,NULL,NULL
961,Heritage Assets,442,1,2022-10-10 10:10:08.103,252,NULL,NULL,NULL
962,Culturally Significant Buildings,442,1,2022-10-10 10:16:01.660,252,NULL,NULL,NULL
963,Combo Binder,336,1,2022-11-02 15:15:09.653,199,NULL,NULL,NULL
964,Shelves,336,1,2022-11-02 15:17:05.263,199,NULL,NULL,NULL
965,White Board,336,1,2022-11-02 15:17:46.153,199,NULL,NULL,NULL
966,Interactive White Board System - Projector,336,1,2022-11-02 15:19:20.727,199,NULL,NULL,NULL
967,Haelgeweer Maverick Kal,430,1,2022-11-02 15:21:20.350,199,NULL,NULL,NULL
968,Haelgeweer Mossberg Kal,430,1,2022-11-02 15:21:42.457,199,NULL,NULL,NULL
969,Haelgeweer Protecta Kal,430,1,2022-11-02 15:22:14.233,199,NULL,NULL,NULL
970,Norinco 213 9mmp Pistol,430,1,2022-11-02 15:22:55.140,199,NULL,NULL,NULL
971,Revolver Taurus 38 Special,430,1,2022-11-02 15:23:15.857,199,NULL,NULL,NULL
972,Security System,430,1,2022-11-02 15:54:34.570,199,NULL,NULL,NULL
973,Browning Firearm 9mm,430,1,2022-11-02 15:59:50.830,199,NULL,NULL,NULL
974,Pistol Norinco Kal,430,1,2022-11-02 16:00:36.070,199,NULL,NULL,NULL
975,Air Conditioner,336,1,2022-11-02 16:06:04.650,199,NULL,NULL,NULL
976,Norinco Nz 75,430,1,2022-11-03 08:18:14.863,199,NULL,NULL,NULL
977,Pistol Helwan Kal,430,1,2022-11-03 08:18:46.990,199,NULL,NULL,NULL
978,Minibus,341,1,2022-11-03 09:14:16.663,199,NULL,NULL,NULL
979,LDV,341,1,2022-11-03 09:21:21.883,199,NULL,NULL,NULL
980,Sedan,341,1,2022-11-03 09:22:27.787,199,NULL,NULL,NULL
981,SUV,341,1,2022-11-03 09:22:51.190,199,NULL,NULL,NULL
982,Laptop Bag,431,1,2022-11-03 09:27:13.623,199,NULL,NULL,NULL
983,AUC,443,1,2022-11-17 13:19:18.897,199,NULL,NULL,NULL
984,AUC,444,1,2022-11-17 13:23:25.163,199,NULL,NULL,NULL
985,AUC,445,1,2022-11-17 13:27:16.350,199,NULL,NULL,NULL
986,AUC,446,1,2022-11-17 13:30:16.780,199,NULL,NULL,NULL
987,AUC,447,1,2022-11-17 13:32:46.247,199,NULL,NULL,NULL
988,AUC,448,1,2022-11-17 13:35:28.523,199,NULL,NULL,NULL
989,AUC,449,1,2022-11-17 13:37:35.367,199,NULL,NULL,NULL
990,AUC,272,1,2022-11-30 08:52:57.723,199,NULL,NULL,NULL
991,AUC,174,1,2022-11-30 08:56:27.697,199,NULL,NULL,NULL
992,AUC,302,1,2022-11-30 08:56:58.160,199,NULL,NULL,NULL
993,Other Software,450,1,2022-11-30 12:41:12.460,199,NULL,NULL,NULL
994,Computer Software,451,1,2022-11-30 12:41:36.170,199,NULL,NULL,NULL
995,Server Software,452,1,2022-11-30 12:41:59.237,199,NULL,NULL,NULL
996,Camera,392,1,2023-03-15 15:24:26.237,271,NULL,NULL,NULL
997,Biometric Scanner,392,1,2023-03-15 15:33:11.493,271,NULL,NULL,NULL
998,Network Video Recorder,392,1,2023-03-15 15:35:41.240,271,NULL,NULL,NULL
999,Telephone handset,338,1,2023-08-09 16:06:56.437,271,NULL,NULL,NULL
1000,Office Mobile,385,1,2023-11-07 20:19:39.660,252,NULL,NULL,NULL
1001,Office Small Urban,385,1,2023-11-07 20:37:29.340,252,NULL,NULL,NULL
1002,Ablution - Changeroom,385,1,2023-11-07 20:38:04.017,252,NULL,NULL,NULL
1003,Town Hall,385,1,2023-11-07 20:39:44.480,252,NULL,NULL,NULL
1004,Honorary Stone,386,1,2023-11-07 20:40:54.127,252,NULL,NULL,NULL
1005,V-Channel,418,1,2023-11-07 20:42:02.953,252,NULL,NULL,NULL
1006,Pump,454,1,2023-11-07 20:43:01.013,252,NULL,NULL,NULL
1007,K53 Drivers Testing Incline,390,1,2023-11-07 20:44:51.790,252,NULL,NULL,NULL
1008,Kerb Barrier,418,1,2023-11-07 20:47:33.597,252,NULL,NULL,NULL
1009,Channel,418,1,2023-11-07 20:48:11.003,252,NULL,NULL,NULL
1010,Lunar 24 Gps Module,309,1,2023-11-08 09:31:34.590,285,NULL,NULL,NULL
1011,Gabions,414,1,2023-11-08 11:07:51.340,285,NULL,NULL,NULL
1012,Blue lamps and siren,341,1,2023-11-08 15:21:28.753,339,NULL,NULL,NULL
1013,Outdoor Exercise Equipment,383,1,2023-11-08 16:24:10.130,285,NULL,NULL,NULL
1014,GPS,432,1,2023-11-08 19:21:06.507,339,NULL,NULL,NULL
1015,Tow Tractor Bell For Grid Roller,2,1,2023-11-08 19:22:07.503,339,2023-11-08 19:23:26.747,339,NULL
1016,Fire Compression - Control Panel,432,1,2023-11-08 19:24:37.470,339,NULL,NULL,NULL
1017,Radio 2-Way,432,1,2023-11-08 20:06:17.433,339,NULL,NULL,NULL
1018,Tow Tractor Bell For Grid Roller,432,1,2023-11-08 20:07:48.820,339,NULL,NULL,NULL
1019,Road Marking Machine,432,1,2023-11-08 20:08:32.007,339,NULL,NULL,NULL
1020,Backhoe Loader - TLB,432,1,2023-11-08 20:18:16.063,339,NULL,NULL,NULL
1021,Tar - Concrete Cutter Machine,432,1,2023-11-08 20:18:56.493,339,NULL,NULL,NULL
1022,Inflatable ribbon,432,1,2023-11-08 20:30:58.500,339,NULL,NULL,NULL
1023,Slide,383,1,2023-11-08 20:51:38.910,285,NULL,NULL,NULL
1024,Swing,383,1,2023-11-08 20:59:21.917,285,NULL,NULL,NULL
1025,See Saw,383,1,2023-11-08 21:05:04.500,285,NULL,NULL,NULL
1026,Laptop Bag,392,1,2023-11-09 08:07:10.823,339,NULL,NULL,NULL
1027,Speedpoint,392,1,2023-11-09 08:07:44.830,339,NULL,NULL,NULL
1028,Ablution - Change Rooms,371,1,2023-11-09 09:02:45.360,285,NULL,NULL,NULL
1029,Urban Office,371,1,2023-11-09 09:12:06.193,285,NULL,NULL,NULL
1030,Urban Office,342,1,2023-11-09 09:14:40.993,285,NULL,NULL,NULL
1031,Roller Door,366,1,2023-11-09 09:41:42.177,285,NULL,NULL,NULL
1032,Roller Door,379,1,2023-11-09 09:43:47.013,285,NULL,NULL,NULL
1033,Pump - Centrifugal,455,1,2023-11-09 10:06:31.913,285,NULL,NULL,NULL
1034,Starting Block,379,1,2023-11-09 10:11:28.643,285,NULL,NULL,NULL
1035,Club House,377,1,2023-11-09 10:41:12.703,285,NULL,NULL,NULL
1036,Borehole Enclosure,377,1,2023-11-09 10:57:34.217,285,NULL,NULL,NULL
1037,Pump -Hydraulic,455,1,2023-11-09 11:01:46.733,285,NULL,NULL,NULL
1038,Filing Shelves,336,1,2023-11-09 11:54:27.467,339,NULL,NULL,NULL
1039,Trolley - Tea,336,1,2023-11-09 11:55:27.470,339,NULL,NULL,NULL
1040,Reception Table,336,1,2023-11-09 11:56:37.243,339,NULL,NULL,NULL
1041,Pistol Safe,336,1,2023-11-09 11:57:13.433,339,NULL,NULL,NULL
1042,Filer Bay,336,1,2023-11-09 11:58:14.113,339,NULL,NULL,NULL
1043,Book Shelves,336,1,2023-11-09 11:59:41.000,339,NULL,NULL,NULL
1044,Filing Cupboard,336,1,2023-11-09 12:00:20.650,339,NULL,NULL,NULL
1045,Telephone Handset,336,1,2023-11-09 12:14:43.913,339,NULL,NULL,NULL
1046,Light Box,336,1,2023-11-09 12:16:01.127,339,NULL,NULL,NULL
1047,Walkway,363,1,2023-11-09 15:15:28.117,285,NULL,NULL,NULL
1048,Handrails,379,1,2023-11-09 15:31:18.213,285,NULL,NULL,NULL
1049,Parking,382,1,2023-11-09 15:43:33.953,285,NULL,NULL,NULL
1050,Channel,408,1,2023-11-09 15:52:14.580,285,NULL,NULL,NULL
1051,Boreholes,379,1,2023-11-09 16:01:59.093,285,NULL,NULL,NULL
1052,Flood Light,351,1,2023-11-09 16:08:29.433,252,NULL,NULL,NULL
1053,Pump,351,1,2023-11-09 16:09:19.330,252,NULL,NULL,NULL
1054,Gabions,456,1,2023-11-09 16:09:35.310,285,NULL,NULL,NULL
1055,Culturally Significant Buildings Cost,442,1,2023-11-09 16:11:13.747,251,NULL,NULL,NULL
1056,Land,353,1,2023-11-09 16:12:39.773,252,NULL,NULL,NULL
1057,Ablution Block,342,1,2023-11-09 16:19:08.373,285,NULL,NULL,NULL
1058,Sign Electronic Led,388,1,2023-11-09 16:36:23.423,339,NULL,NULL,NULL
1059,Pump (Hydraulic),457,1,2024-04-15 06:40:54.787,562,NULL,NULL,0
1060,Paved Area,351,1,2024-04-15 09:34:13.183,562,NULL,NULL,0
1061,Land,458,1,2024-04-15 11:17:57.457,562,NULL,NULL,0
1062,Megaphone Handheld,338,1,2024-04-15 13:46:38.547,562,NULL,NULL,0
1063,Loud Hailer,336,1,2024-04-15 13:48:09.360,562,NULL,NULL,0
1064,Water Pump Machine,454,1,2024-04-15 16:39:06.267,562,NULL,NULL,0
1065,Honorary Stone,388,1,2024-04-15 16:41:12.017,562,NULL,NULL,0
1066,Kerb Barrier,390,1,2024-04-15 16:48:45.903,562,NULL,NULL,0
1067,Retaining Wall,386,1,2024-04-15 16:54:38.153,562,NULL,NULL,0
1068,Channel,386,1,2024-04-15 16:57:03.550,562,NULL,NULL,0
1069,Halls,364,1,2024-04-15 17:53:18.923,562,NULL,NULL,0
1070,Swimming Pool Starting Block,379,1,2024-04-15 17:55:43.873,562,NULL,NULL,0
1071,Small Urban Office,459,1,2024-04-15 18:05:31.097,562,NULL,NULL,0
1072,Roller Door,364,1,2024-04-15 18:13:15.657,562,NULL,NULL,0
1073,Roller Door,377,1,2024-04-15 18:13:57.083,562,NULL,NULL,0
1074,Pavement,382,1,2024-04-15 18:22:14.033,562,NULL,NULL,0
1075,Pavement,402,1,2024-04-15 18:24:38.657,562,NULL,NULL,0
1076,Boreholes,372,1,2024-04-15 18:37:01.860,562,NULL,NULL,0
1077,Boreholes,378,1,2024-04-15 18:37:41.783,562,NULL,NULL,0
1078,Borehole Enclosure,378,1,2024-04-15 18:54:40.153,562,NULL,NULL,0
1079,Water Pump Machine,378,1,2024-04-15 18:57:02.160,562,NULL,NULL,0
1080,Gabions,378,1,2024-04-15 18:57:12.880,562,NULL,NULL,0
1081,Sports Ground,420,1,2024-04-19 14:05:50.780,562,NULL,NULL,0
1082,House,421,1,2024-04-19 14:06:06.503,562,NULL,NULL,0
1083,Building,435,1,2024-04-19 14:07:21.263,562,NULL,NULL,0
1084,House,460,1,2024-04-19 14:11:37.407,562,NULL,NULL,0
1085,Operational Buildings,385,1,2024-04-19 14:12:28.207,562,NULL,NULL,0
1086,Unpaved Road,462,1,2024-04-19 14:41:08.800,562,NULL,NULL,0
1087,High Mast Light,461,1,2024-04-19 14:41:32.740,562,NULL,NULL,0
1088,Building,463,1,2024-04-19 14:46:36.587,562,NULL,NULL,0
1089,Operational Buildings,464,1,2024-04-19 14:56:14.840,562,NULL,NULL,0
1090,HP Probook 450 G10 (IS),466,1,2024-04-19 16:08:09.610,562,NULL,NULL,0
1091,HP Probook 450 G11 (IS),466,1,2024-04-19 16:08:19.710,562,NULL,NULL,0
1092,HP Probook 450 G12 (IS),466,1,2024-04-19 16:08:30.217,562,NULL,NULL,0
1093,HP Probook 450 G13 (IS),466,1,2024-04-19 16:08:52.270,562,NULL,NULL,0
1094,Television,465,1,2024-04-19 16:11:23.030,562,NULL,NULL,0
1095,Water Separation,465,1,2024-04-19 16:11:32.420,562,NULL,NULL,0
1096,Shredder Machine,465,1,2024-04-19 16:11:40.397,562,NULL,NULL,0
1097,Gazebo,465,1,2024-04-19 16:11:50.293,562,NULL,NULL,0
1098,Furrow,467,1,2024-04-19 16:12:07.783,562,NULL,NULL,0
1099,Compactor truck,467,1,2024-04-19 16:12:15.387,562,NULL,NULL,0
1100,Road Sweeper,467,1,2024-04-19 16:12:22.707,562,NULL,NULL,0
1101,Jump Starter,467,1,2024-04-19 16:12:30.997,562,NULL,NULL,0
1102,Hydraulic Jack,467,1,2024-04-19 16:12:39.517,562,NULL,NULL,0
1103,Laptop,466,1,2024-04-19 17:16:18.610,562,NULL,NULL,0
1104,Printer,466,1,2024-04-19 17:16:28.840,562,NULL,NULL,0
1105,Chain Saw,467,1,2024-04-19 17:17:38.407,562,NULL,NULL,0
1106,Excavator,467,1,2024-04-19 17:17:50.687,562,NULL,NULL,0
1107,Concrete Cutter Machine,467,1,2024-04-19 17:18:01.427,562,NULL,NULL,0
1108,Grader,467,1,2024-04-19 17:18:11.057,562,NULL,NULL,0
1109,Chair,465,1,2024-04-19 17:18:42.593,562,NULL,NULL,0
1110,Microwave,465,1,2024-04-19 17:18:54.730,562,NULL,NULL,0
1111,Fridge,465,1,2024-04-19 17:19:04.767,562,NULL,NULL,0
1112,Projector,465,1,2024-04-19 17:19:13.263,562,NULL,NULL,0
1113,Airconditioner,465,1,2024-04-19 17:19:25.173,562,NULL,NULL,0
1114,Voice Recorder,465,1,2024-04-19 17:19:38.873,562,NULL,NULL,0
1115,Table,465,1,2024-04-19 17:19:52.293,562,NULL,NULL,0
1116,Chair High Back,465,1,2024-04-19 17:38:45.330,562,NULL,NULL,0
1117,Camera,465,1,2024-04-19 17:47:02.133,562,NULL,NULL,0
1118,SUV,468,1,2024-04-19 17:51:16.430,562,NULL,NULL,0
1119,TV Monitor,466,1,2024-07-12 16:30:33.030,271,NULL,NULL,0
1120,Mobile Devices,466,1,2024-07-12 16:46:31.347,271,2024-10-07 15:42:31.567,199,0
1121,Biometric,392,1,2024-10-07 15:37:11.487,199,NULL,NULL,0
1122,Camera Set,392,1,2024-10-07 15:37:33.293,199,NULL,NULL,0
1123,Car Siren,341,1,2024-10-07 15:38:53.580,199,NULL,NULL,0
1124,CCTV NVR,392,1,2024-10-07 15:39:25.563,199,NULL,NULL,0
1125,Document Sealer,392,1,2024-10-07 15:39:52.020,199,NULL,NULL,0
1126,Dot Matrix Flatbed Printer,392,1,2024-10-07 15:40:13.110,199,NULL,NULL,0
1127,Foldable Table,336,1,2024-10-07 15:41:00.253,199,NULL,NULL,0
1128,Microphone Switchboard,336,1,2024-10-07 15:41:34.683,199,NULL,NULL,0
1129,Network Cabinet,392,1,2024-10-07 15:42:54.560,199,NULL,NULL,0
1130,Smart TV Screen,392,1,2024-10-07 15:43:24.207,199,NULL,NULL,0
1131,Decoder,392,1,2024-10-07 15:44:01.617,199,NULL,NULL,0
1132,Vehicle Jump Start,432,1,2024-10-07 15:44:46.883,199,NULL,NULL,0
1133,Digital Camera,336,1,2024-10-07 15:52:20.427,199,NULL,NULL,0
1134,Office Post Box,336,1,2024-10-07 15:59:56.363,199,NULL,NULL,0
1135,Bucket and Wringer,336,1,2024-10-07 16:08:46.640,199,NULL,NULL,0
1136,Filer Bulk 9 Bay,336,1,2024-10-07 16:09:14.390,199,NULL,NULL,0
1137,Media Portable Player,336,1,2024-10-07 16:09:35.360,199,NULL,NULL,0
1138,Reception Desk,336,1,2024-10-07 16:09:56.157,199,NULL,NULL,0
1139,Wireless Microphone System,336,1,2024-10-07 16:10:17.330,199,NULL,NULL,0
1140,Cabinet Battery Box,392,1,2024-10-07 16:21:33.453,199,NULL,NULL,0
1141,Smart TV Screen,336,1,2024-10-07 16:22:06.930,199,NULL,NULL,0
1142,Gazebo,336,1,2024-10-07 16:22:22.953,199,NULL,NULL,0
1143,Mobile Devices,392,1,2024-10-07 16:22:41.373,199,NULL,NULL,0
1144,Road Sweeper,340,1,2024-10-07 16:29:01.173,199,NULL,NULL,0
1145,Dwelling Low Cost Housing,469,1,2024-10-07 18:27:03.547,199,NULL,NULL,0
1146,Dwelling Normal Size House,469,1,2024-10-07 18:27:10.603,199,NULL,NULL,0
1147,Braai,470,1,2024-10-07 18:31:46.107,199,NULL,NULL,0
1148,Perimeter Protection,470,1,2024-10-07 18:31:55.790,199,NULL,NULL,0
1149,Land,471,1,2024-10-07 18:32:26.160,199,NULL,NULL,0
1150,Horse Racing Field,472,1,2024-10-07 18:40:00.160,199,NULL,NULL,0
1151,Netball Court,472,1,2024-10-07 18:40:11.617,199,NULL,NULL,0
1152,Rugby Field,472,1,2024-10-07 18:40:22.187,199,NULL,NULL,0
1153,Sport Facility,472,1,2024-10-07 18:40:32.800,199,NULL,NULL,0
1154,Football (Soccer) Pitch,472,1,2024-10-07 18:40:52.510,199,NULL,NULL,0
1155,Swimming Pool,472,1,2024-10-07 18:41:20.680,199,NULL,NULL,0
1156,Animal Pound,463,1,2024-10-07 18:45:17.560,199,NULL,NULL,0
1157,Buildings,464,1,2024-10-07 18:46:46.593,199,NULL,NULL,0
1158,Bullet Proof Windows,385,1,2024-10-07 18:47:22.777,199,NULL,NULL,0
1159,Flag Pole,351,1,2024-10-07 18:48:05.667,199,NULL,NULL,0
1160,Kerb Edge,414,1,2024-10-07 18:48:43.910,199,NULL,NULL,0
1161,Park Bench,309,1,2024-10-07 18:49:21.607,199,NULL,NULL,0
1162,Parks,473,1,2024-10-07 18:51:56.593,199,NULL,NULL,0
1163,PPE Developed Land,426,1,2024-10-07 18:52:39.380,199,NULL,NULL,0
1164,PPE Undeveloped Land,426,1,2024-10-07 18:53:17.637,199,NULL,NULL,0
1165,Roads,462,1,2024-10-07 18:54:24.707,199,NULL,NULL,0
1166,Turnstiles,404,1,2024-10-07 18:55:10.287,199,NULL,NULL,0
1167,Golf Course,474,1,2024-10-07 19:09:13.543,199,NULL,NULL,0
1168,Softball Field,474,1,2024-10-07 19:09:25.637,199,NULL,NULL,0
1169,Tennis Court,474,1,2024-10-07 19:09:35.453,199,NULL,NULL,0
1170,Outdoor Exercise Equipment,379,1,2024-10-07 19:12:14.430,199,NULL,NULL,0
1171,Internal Road,402,1,2024-10-07 19:20:40.193,199,NULL,NULL,0
1172,Horse Racing Field,420,1,2024-10-07 19:22:28.887,199,NULL,NULL,0
1173,Speed Hump,475,1,2024-10-07 19:42:02.460,199,NULL,NULL,0
1174,Pump (Hydraulic),476,1,2024-10-07 19:47:04.980,199,NULL,NULL,0
1175,Fabricated Steel,477,1,2024-10-07 19:49:35.350,199,NULL,NULL,0
1176,Ablution - Change Rooms,342,1,2024-10-07 19:53:12.330,199,NULL,NULL,0
1177,Dwelling Flats,353,1,2024-10-07 19:59:42.023,199,NULL,NULL,0
1178,Community Hall,353,1,2024-10-07 20:03:45.013,199,NULL,NULL,0
1179,Railing - Handrails,366,1,2024-10-07 20:04:58.020,199,NULL,NULL,0
1180,Pump (Hydraulic),454,1,2024-10-07 20:06:03.027,199,NULL,NULL,0
1181,Street Light,373,1,2024-10-07 20:12:08.090,199,NULL,NULL,0
1182,Paving,478,1,2024-10-07 20:20:46.593,199,NULL,NULL,0
1183,Small Building - Enclosure,423,1,2024-10-07 20:27:12.060,199,NULL,NULL,0
1184,Tank Stand,479,1,2024-10-07 20:32:09.530,199,NULL,NULL,0
1185,Tank,479,1,2024-10-07 20:34:39.560,199,NULL,NULL,0
1186,Ablution - Change Rooms,480,1,2024-10-07 20:39:26.027,199,NULL,NULL,0
1187,Culvert Pipe,481,1,2024-10-07 20:41:54.840,199,NULL,NULL,0
1188,Walkway,404,1,2024-10-07 20:44:15.130,199,NULL,NULL,0
1189,Catchpit,481,1,2024-10-07 20:50:40.447,199,NULL,NULL,0
1190,Paved Area,482,1,2024-10-07 20:55:26.853,199,NULL,NULL,0
1191,Handrails,404,1,2024-10-07 20:59:54.227,199,NULL,NULL,0
1192,External Lighting,404,1,2024-10-07 21:02:18.323,199,NULL,NULL,0
1193,Roller Door,404,1,2024-10-07 21:04:13.717,199,NULL,NULL,0
1194,Footpath,404,1,2024-10-07 21:06:12.680,199,NULL,NULL,0
1195,Kerb Barrier,481,1,2024-10-07 21:08:16.847,199,NULL,NULL,0
1196,Channel,481,1,2024-10-07 21:10:33.290,199,NULL,NULL,0
1197,Office Block,480,1,2024-10-07 21:12:37.433,199,NULL,NULL,0
1198,Parking,482,1,2024-10-07 21:13:38.070,199,NULL,NULL,0
1199,Pump - Centrifugal,483,1,2024-10-07 21:15:45.707,199,NULL,NULL,0
1200,Pump Station Building,480,1,2024-10-07 21:16:41.307,199,NULL,NULL,0
1201,Retaining Wall,479,1,2024-10-07 21:23:00.493,199,NULL,NULL,0
1202,Internal Road,482,1,2024-10-07 21:26:41.773,199,NULL,NULL,0
1203,Small Building - Enclosure,480,1,2024-10-07 21:29:56.467,199,NULL,NULL,0
1204,Ballade Poles,479,1,2024-10-07 21:31:56.380,199,NULL,NULL,0
1205,Parking,388,1,2024-10-07 21:36:06.583,199,NULL,NULL,0
1206,Pump - Centrifugal,454,1,2024-10-07 21:36:51.653,199,NULL,NULL,0
1207,Perimeter Protection,411,1,2024-10-07 21:38:36.330,199,NULL,NULL,0
1208,Walkway,351,1,2024-10-07 21:44:13.697,199,NULL,NULL,0
1209,Retaining Wall,399,1,2024-10-07 21:45:17.723,199,NULL,NULL,0
1210,External Furniture,351,1,2024-10-07 21:46:20.343,199,NULL,NULL,0
1211,Office Block,353,1,2024-10-07 21:47:33.467,199,NULL,NULL,0
1212,Sign - Information,484,1,2024-10-07 21:49:29.147,199,NULL,NULL,0
1213,Club House,353,1,2024-10-07 21:50:16.393,199,NULL,NULL,0
1214,Street Light,485,1,2024-10-07 22:15:01.023,199,NULL,NULL,0
1215,Paving,486,1,2024-10-07 22:28:37.240,199,NULL,NULL,0
1216,Drone,490,1,2025-02-17 11:27:33.997,271,NULL,NULL,0
1217,Earthworks,85,1,2025-02-26 13:38:25.497,271,NULL,NULL,0
1218,Earthworks,491,1,2025-02-26 13:50:22.473,271,NULL,NULL,0
1219,Community Assets,492,1,2025-03-12 08:21:29.693,271,NULL,NULL,0
1220,Firearms,430,1,2025-06-02 06:09:12.560,271,NULL,NULL,0
1221,Buildings,353,1,2025-11-11 16:11:35.053,271,NULL,NULL,0
1222,Outdoor Furniture,148,1,2025-11-11 16:49:58.167,271,NULL,NULL,0
