AssetCIDMSSubComponentTypeID,AssetCIDMSSubComponentTypeDesc,AssetCIDMSComponentTypeID,Infrastructure,Nature,Enabled,DateCaptured,CapturerID,DateModified,ModifierID,Default
1,Trolley,366,0,1,1,2021-05-07 17:07:14.113,199,2024-04-16 06:28:21.107,562,0
2,Tray,365,0,1,1,2021-05-07 17:07:28.337,199,2024-04-15 17:58:44.180,562,0
3,Light Box,367,0,1,1,2021-05-07 17:08:15.537,199,2024-04-15 17:58:28.557,562,0
4,Air Conditioner,272,0,1,1,2021-05-07 17:09:00.950,199,2024-04-15 18:00:02.707,562,0
5,Alcotest,273,0,1,1,2021-05-07 17:09:23.183,199,2024-04-15 17:58:37.753,562,0
6,Bar Fridge,274,0,1,1,2021-05-07 17:09:43.457,199,2024-04-15 17:58:59.003,562,0
7,Bench,275,0,1,1,2021-05-07 17:10:01.687,199,2022-09-14 11:24:16.927,199,NULL
8,Bid Box,276,0,1,1,2021-05-07 17:10:34.063,199,2024-04-15 17:59:08.423,562,0
9,Binders,277,0,1,1,2021-05-07 17:10:52.083,199,2024-04-15 18:01:06.497,562,0
10,Book display,278,0,1,1,2021-05-07 17:11:11.650,199,2024-04-15 17:59:15.327,562,0
11,Bookcase,279,0,1,1,2021-05-07 17:11:33.430,199,2022-09-14 11:29:41.223,199,NULL
12,Cabinet,280,0,1,1,2021-05-07 17:12:01.193,199,2022-09-14 18:03:00.987,199,NULL
13,Camera,281,0,1,1,2021-05-07 17:12:28.477,199,2024-04-15 18:01:15.377,562,0
14,CAMERA SONY CYBERSHOT,282,0,1,1,2021-05-07 17:12:50.167,199,2024-04-15 18:01:24.980,562,0
15,CANON DIGITAL CAMERA,283,0,1,1,2021-05-07 17:13:16.773,199,2024-04-16 06:12:01.577,562,0
16,CANON DIGITAL CAMERA EOS 700D,284,0,1,1,2021-05-07 17:13:34.373,199,2024-04-16 06:12:07.743,562,0
17,Cash Drawer,285,0,1,1,2021-05-07 17:13:55.280,199,2024-04-16 06:12:13.437,562,0
18,Chair,286,1,1,1,2021-05-07 17:14:38.533,199,NULL,NULL,NULL
19,Coat & Hat Stand,287,0,1,1,2021-05-07 17:14:57.883,199,2024-04-16 06:13:17.233,562,0
20,"Computer   ",288,0,1,1,2021-05-07 17:15:33.247,199,2024-04-16 06:13:23.110,562,0
21,Computer Box,289,0,1,1,2021-05-07 17:15:53.050,199,2024-04-16 06:28:49.110,562,0
22,Computer Stand,290,0,1,1,2021-05-07 17:16:12.927,199,2024-04-16 06:28:54.650,562,0
23,Couch,291,0,1,1,2021-05-07 17:16:36.797,199,2024-04-16 06:29:00.537,562,0
24,Counter,292,0,1,1,2021-05-07 17:16:58.587,199,2024-04-16 06:29:05.567,562,0
25,CPU,293,0,1,1,2021-05-07 17:17:20.087,199,2024-04-16 06:29:10.540,562,0
26,Credenza,294,0,1,1,2021-05-07 17:19:53.667,199,2022-09-14 11:24:50.327,199,NULL
27,Cupboard,295,0,1,1,2021-05-07 17:20:14.780,199,2022-09-14 11:42:09.153,199,NULL
28,Data Projector,296,0,1,1,2021-05-07 17:20:38.453,199,2024-04-16 06:29:15.823,562,0
29,Data Sheet,297,0,1,1,2021-05-07 17:21:00.960,199,2024-04-16 06:29:20.877,562,0
30,Desk,298,1,1,1,2021-05-07 17:21:22.477,199,NULL,NULL,NULL
31,Desktop,299,0,1,1,2021-05-07 17:21:46.663,199,2024-04-16 06:29:26.107,562,0
32,Drawer,300,0,1,1,2021-05-07 17:23:00.897,199,2024-04-16 06:29:31.287,562,0
33,Drawers,301,0,1,1,2021-05-07 17:23:26.120,199,2024-04-16 06:29:36.730,562,0
34,DVD Drive,302,0,1,1,2021-05-07 17:23:51.010,199,2024-04-16 06:29:41.447,562,0
35,Fax,303,0,1,1,2021-05-07 17:26:20.817,199,2024-04-16 06:29:46.877,562,0
36,Filer,304,0,1,1,2021-05-07 17:26:40.530,199,2024-04-16 06:29:51.757,562,0
37,Folding Machine,305,0,1,1,2021-05-07 17:27:04.113,199,2024-04-16 06:13:36.110,562,0
38,Franking Machine,306,0,1,1,2021-05-07 17:27:26.890,199,2024-10-07 16:01:49.937,199,0
39,Fridge,307,0,1,1,2021-05-07 17:27:48.523,199,2024-04-16 06:13:30.650,562,0
40,Hard Drive,308,1,1,1,2021-05-07 17:28:08.737,199,NULL,NULL,NULL
41,Heater,309,1,1,1,2021-05-07 17:29:13.370,199,NULL,NULL,NULL
42,Ipad,310,1,1,1,2021-05-07 17:29:34.810,199,NULL,NULL,NULL
43,Laminator,311,1,1,1,2021-05-07 17:29:54.193,199,NULL,NULL,NULL
44,Laptop,312,1,1,1,2021-05-07 17:30:13.353,199,NULL,NULL,NULL
45,LICENCE DISK SCANNER AND NUMBER PLATE RECOGNITION,313,1,1,1,2021-05-07 17:32:31.027,199,NULL,NULL,NULL
46,Locker,314,0,1,1,2021-05-07 17:32:52.140,199,2022-09-14 11:19:21.977,199,NULL
47,Media Player,315,1,1,1,2021-05-07 17:33:17.393,199,NULL,NULL,NULL
48,Megaphone,316,1,1,1,2021-05-07 17:33:40.603,199,NULL,NULL,NULL
49,Mic Stand,317,1,1,1,2021-05-07 17:33:59.647,199,NULL,NULL,NULL
50,Microphones,318,1,1,1,2021-05-07 17:34:19.477,199,NULL,NULL,NULL
51,Microwave,319,1,1,1,2021-05-07 17:34:44.530,199,NULL,NULL,NULL
52,Mixing Console,320,1,1,1,2021-05-07 17:35:06.700,199,NULL,NULL,NULL
53,Monitor,321,1,1,1,2021-05-07 17:35:29.413,199,NULL,NULL,NULL
54,Notice Board,322,1,1,1,2021-05-07 17:35:56.283,199,NULL,NULL,NULL
55,OLYMPUS DIGITAL VOICE RECORDER,323,1,1,1,2021-05-07 17:36:32.530,199,NULL,NULL,NULL
56,Pedenza,324,1,1,1,2021-05-07 17:36:59.150,199,NULL,NULL,NULL
57,Pedestal,325,1,1,1,2021-05-07 17:37:27.683,199,NULL,NULL,NULL
58,Phone,326,1,1,1,2021-05-07 17:37:49.777,199,NULL,NULL,NULL
59,Pigeon Hole,327,1,1,1,2021-05-07 17:38:11.980,199,NULL,NULL,NULL
60,Pin Board,328,1,1,1,2021-05-07 17:38:33.540,199,NULL,NULL,NULL
61,Podium,329,1,1,1,2021-05-07 17:38:55.747,199,NULL,NULL,NULL
62,Portable Drive,330,1,1,1,2021-05-07 17:39:13.713,199,NULL,NULL,NULL
63,Post Box,331,1,1,1,2021-05-07 17:39:35.827,199,NULL,NULL,NULL
64,Printer,332,1,1,1,2021-05-07 17:39:55.597,199,NULL,NULL,NULL
65,Projector,333,1,1,1,2021-05-07 17:40:23.143,199,NULL,NULL,NULL
66,Rack Server,334,1,1,1,2021-05-07 17:40:44.377,199,NULL,NULL,NULL
67,Recorder,335,1,1,1,2021-05-07 17:41:10.683,199,NULL,NULL,NULL
68,Roof rack,336,1,1,1,2021-05-07 17:41:33.037,199,NULL,NULL,NULL
69,Router,337,1,1,1,2021-05-07 17:43:22.260,199,NULL,NULL,NULL
70,Safe,338,1,1,1,2021-05-07 17:43:45.587,199,NULL,NULL,NULL
71,Screen,339,1,1,1,2021-05-07 17:44:07.067,199,NULL,NULL,NULL
72,Screen Divider,340,1,1,1,2021-05-07 17:44:27.460,199,NULL,NULL,NULL
73,Seater,341,1,1,1,2021-05-07 17:44:50.373,199,NULL,NULL,NULL
74,Server,342,1,1,1,2021-05-07 17:45:12.037,199,NULL,NULL,NULL
75,Shelf,343,1,1,1,2021-05-07 17:45:35.007,199,NULL,NULL,NULL
76,Shelving,344,1,1,1,2021-05-07 17:45:56.107,199,NULL,NULL,NULL
77,Shredder,345,1,1,1,2021-05-07 17:46:18.497,199,NULL,NULL,NULL
78,Speaker,346,1,1,1,2021-05-07 17:46:42.150,199,NULL,NULL,NULL
79,Speaker Stand,347,1,1,1,2021-05-07 17:47:05.857,199,NULL,NULL,NULL
80,Speed Measuring Intrument,348,1,1,1,2021-05-07 17:47:30.310,199,NULL,NULL,NULL
81,Speed Trapper,349,1,1,1,2021-05-07 17:47:53.797,199,NULL,NULL,NULL
82,Stand,350,1,1,1,2021-05-07 17:48:18.877,199,NULL,NULL,NULL
83,Suggestion Box,351,1,1,1,2021-05-07 17:48:44.173,199,NULL,NULL,NULL
84,Switch,352,1,1,1,2021-05-07 17:49:08.007,199,NULL,NULL,NULL
85,Switchboard,353,1,1,1,2021-05-07 17:49:31.077,199,NULL,NULL,NULL
86,Table,354,0,1,1,2021-05-07 17:49:51.460,199,2023-03-16 11:53:12.927,271,NULL
87,Tender Box,355,1,1,1,2021-05-07 17:50:22.800,199,NULL,NULL,NULL
88,Tennis Table,356,1,1,1,2021-05-07 17:50:45.047,199,NULL,NULL,NULL
89,Trunk,357,1,1,1,2021-05-07 17:51:08.220,199,NULL,NULL,NULL
90,Urn,358,1,1,1,2021-05-07 17:51:30.440,199,NULL,NULL,NULL
91,Vacuum Cleaner,359,1,1,1,2021-05-07 17:51:53.383,199,NULL,NULL,NULL
92,Voice Recorder,360,1,1,1,2021-05-07 17:52:20.507,199,NULL,NULL,NULL
93,Wall unit,361,1,1,1,2021-05-07 17:52:42.027,199,NULL,NULL,NULL
94,Water Dispenser,364,1,1,1,2021-05-07 17:53:04.437,199,NULL,NULL,NULL
95,Whiteboard,362,1,1,1,2021-05-07 17:53:25.887,199,NULL,NULL,NULL
96,Workstation,363,0,1,1,2021-05-07 17:53:48.623,199,2023-11-09 12:06:37.407,339,NULL
97,BROWNING FIREARM 9MM,368,0,1,1,2021-05-07 18:02:47.843,199,2022-09-15 14:08:17.310,199,NULL
98,Haelgeweer,369,1,1,1,2021-05-07 18:03:23.253,199,NULL,NULL,NULL
99,NORINCO 213 9MMP PISTOLS,370,1,1,1,2021-05-07 18:03:40.867,199,NULL,NULL,NULL
100,NORINCO NZ 75,371,1,1,1,2021-05-07 18:04:00.360,199,NULL,NULL,NULL
101,PISTOL HELWAN KAL,372,1,1,1,2021-05-07 18:04:20.340,199,NULL,NULL,NULL
102,PISTOL NORINCO KAL,373,1,1,1,2021-05-07 18:04:40.340,199,NULL,NULL,NULL
103,Revolver,374,1,1,1,2021-05-07 18:05:00.583,199,NULL,NULL,NULL
104,Security System,375,1,1,1,2021-05-07 18:05:23.450,199,NULL,NULL,NULL
105,Bar Fridge,273,1,1,1,2021-05-11 08:45:42.777,199,NULL,NULL,NULL
106,Megaphone,273,1,1,1,2021-05-11 08:46:07.083,199,NULL,NULL,NULL
107,Podium,273,1,1,1,2021-05-11 08:46:18.310,199,NULL,NULL,NULL
108,Battery Charger,387,1,1,1,2021-05-11 08:47:13.140,199,NULL,NULL,NULL
109,Bench Presser,388,1,1,1,2021-05-11 08:47:29.627,199,NULL,NULL,NULL
110,Bin,389,1,1,1,2021-05-11 08:47:50.537,199,NULL,NULL,NULL
111,Blower,390,1,1,1,2021-05-11 08:48:14.120,199,NULL,NULL,NULL
112,Chainsaw,385,0,1,1,2021-05-11 08:48:36.860,199,2022-09-15 14:54:08.090,199,NULL
113,Compactor,407,1,1,1,2021-05-11 08:49:05.160,199,NULL,NULL,NULL
114,Compressor,408,1,1,1,2021-05-11 08:49:26.807,199,NULL,NULL,NULL
115,Concrete Cutter,415,0,1,1,2021-05-11 08:49:45.727,199,2023-03-16 09:28:07.337,271,NULL
116,Converter,401,1,1,1,2021-05-11 08:50:07.350,199,NULL,NULL,NULL
117,Crane,409,1,1,1,2021-05-11 08:50:26.443,199,NULL,NULL,NULL
118,Diesel Bowser,394,1,1,1,2021-05-11 08:50:45.543,199,NULL,NULL,NULL
119,Dumbells,393,1,1,1,2021-05-11 08:51:03.817,199,NULL,NULL,NULL
120,Drill,414,1,1,1,2021-05-11 08:51:19.780,199,NULL,NULL,NULL
121,Excavator,395,1,1,1,2021-05-11 08:51:40.470,199,NULL,NULL,NULL
122,Fumigator,396,1,1,1,2021-05-11 08:51:55.733,199,NULL,NULL,NULL
123,Generator,392,1,1,1,2021-05-11 08:52:20.733,199,NULL,NULL,NULL
124,Jack,384,0,1,1,2021-05-11 08:52:54.047,199,2022-09-15 14:54:36.000,199,NULL
125,Grader,397,1,1,1,2021-05-11 08:53:09.473,199,NULL,NULL,NULL
126,Grass cutter,398,1,1,1,2021-05-11 08:53:25.767,199,NULL,NULL,NULL
127,Lights,410,1,1,1,2021-05-11 08:53:49.940,199,NULL,NULL,NULL
128,Lawnmower,402,1,1,1,2021-05-11 08:54:04.883,199,NULL,NULL,NULL
129,Marking Machine,413,1,1,1,2021-05-11 08:54:22.017,199,NULL,NULL,NULL
130,Picker,400,1,1,1,2021-05-11 08:54:49.973,199,NULL,NULL,NULL
131,Measuring Wheel,405,1,1,1,2021-05-11 08:55:05.920,199,NULL,NULL,NULL
132,Mower,404,1,1,1,2021-05-11 08:55:21.460,199,NULL,NULL,NULL
133,Radio,383,1,1,1,2021-05-11 08:56:13.413,199,NULL,NULL,NULL
134,Pressing Machine,412,1,1,1,2021-05-11 08:56:45.133,199,NULL,NULL,NULL
135,Pruner,406,1,1,1,2021-05-11 08:59:29.077,199,NULL,NULL,NULL
136,Roller,399,1,1,1,2021-05-11 08:59:57.563,199,NULL,NULL,NULL
137,Tanker,416,1,1,1,2021-05-11 09:06:07.110,199,NULL,NULL,NULL
138,Tipper,411,1,1,1,2021-05-11 09:06:22.743,199,NULL,NULL,NULL
139,TLB,391,1,1,1,2021-05-11 09:07:43.067,199,NULL,NULL,NULL
140,Tractor,418,1,1,1,2021-05-11 09:07:57.610,199,NULL,NULL,NULL
141,Tredmill,419,0,1,1,2021-05-11 09:08:15.760,199,2024-04-15 17:49:34.863,562,0
142,Trimmer,386,1,1,1,2021-05-11 09:08:59.320,199,NULL,NULL,NULL
143,Water Dispenser,417,1,1,1,2021-05-11 09:09:22.310,199,NULL,NULL,NULL
144,Water Pump,421,1,1,1,2021-05-11 09:09:41.557,199,NULL,NULL,NULL
145,Weight,403,1,1,1,2021-05-11 09:10:50.290,199,NULL,NULL,NULL
146,Waterwell,420,1,1,1,2021-05-11 09:11:07.313,199,NULL,NULL,NULL
147,Welding Machine,422,1,1,1,2021-05-11 09:11:22.280,199,NULL,NULL,NULL
148,Bakkie,376,0,1,1,2021-05-11 09:12:06.357,199,2022-09-15 14:19:00.603,199,NULL
149,Bus,377,1,1,1,2021-05-11 09:12:31.737,199,NULL,NULL,NULL
150,Car,378,1,1,1,2021-05-11 09:12:55.033,199,NULL,NULL,NULL
151,Combi,379,1,1,1,2021-05-11 09:13:10.553,199,NULL,NULL,NULL
152,Truck,382,1,1,1,2021-05-11 09:13:30.823,199,NULL,NULL,NULL
153,Jeep,380,1,1,1,2021-05-11 09:13:51.427,199,NULL,NULL,NULL
154,Trailer,381,1,1,1,2021-05-11 09:14:07.423,199,NULL,NULL,NULL
155,CHAIR HIGH BACK,423,0,1,1,2021-05-11 09:19:01.527,199,2023-03-16 15:19:32.237,271,NULL
156,Walls,424,1,1,1,2021-06-11 14:32:12.620,199,NULL,NULL,NULL
157,Kerb Inlet,425,1,1,1,2021-06-11 14:32:35.937,199,NULL,NULL,NULL
158,Taxi Rank,426,1,1,1,2021-06-11 14:33:22.760,199,NULL,NULL,NULL
159,External Furniture,426,1,1,1,2021-06-11 14:33:35.943,199,NULL,NULL,NULL
160,Footpath,427,1,1,1,2021-06-11 14:33:58.050,199,NULL,NULL,NULL
161,Perimeter Protection,428,1,1,1,2021-06-11 14:34:07.740,199,NULL,NULL,NULL
162,Carport,429,1,1,1,2021-06-11 14:34:19.170,199,NULL,NULL,NULL
163,Land,430,1,1,1,2021-06-11 14:34:58.230,199,NULL,NULL,NULL
164,Road Structural Layer,431,1,1,1,2021-06-11 14:35:08.150,199,NULL,NULL,NULL
165,License testing centre,432,1,1,1,2021-06-11 14:38:12.717,199,NULL,NULL,NULL
166,Paving,433,1,1,1,2021-06-14 10:24:37.600,199,NULL,NULL,NULL
167,Small Building - Enclosure,434,1,1,1,2021-06-14 10:24:56.077,199,NULL,NULL,NULL
168,Walls,435,1,1,1,2021-06-14 10:25:20.807,199,NULL,NULL,NULL
169,RC Structure,436,1,1,1,2021-06-14 10:25:45.730,199,NULL,NULL,NULL
170,Carport,437,1,1,1,2021-06-14 10:26:17.833,199,NULL,NULL,NULL
171,Landscaping,438,1,1,1,2021-06-14 10:26:33.833,199,NULL,NULL,NULL
172,Paving,439,1,1,1,2021-06-14 10:26:47.397,199,NULL,NULL,NULL
173,Perimeter Protection,440,1,1,1,2021-06-14 10:27:01.867,199,NULL,NULL,NULL
174,Land,441,1,1,1,2021-06-14 10:27:28.123,199,NULL,NULL,NULL
175,Road Structural Layer,442,1,1,1,2021-06-14 10:28:05.000,199,NULL,NULL,NULL
176,Land,443,1,1,1,2021-06-14 10:28:50.603,199,NULL,NULL,NULL
177,Small Building - Enclosure,445,1,1,1,2021-06-14 11:58:43.683,199,NULL,NULL,NULL
178,Walls,446,1,1,1,2021-06-14 11:59:02.710,199,NULL,NULL,NULL
179,Kerb Inlet,447,1,1,1,2021-06-14 12:00:26.223,199,NULL,NULL,NULL
180,Pipe - Storm Water,448,1,1,1,2021-06-14 12:01:00.723,199,NULL,NULL,NULL
181,RC Structure,449,1,1,1,2021-06-14 12:01:31.673,199,NULL,NULL,NULL
182,Steel Structure,450,1,1,1,2021-06-14 12:01:59.933,199,NULL,NULL,NULL
183,Tank,451,1,1,1,2021-06-14 12:02:31.037,199,NULL,NULL,NULL
184,Walls,452,1,1,1,2021-06-14 12:03:24.877,199,NULL,NULL,NULL
185,Carport,453,1,1,1,2021-06-14 12:04:21.010,199,NULL,NULL,NULL
186,External Furniture,454,1,1,1,2021-06-14 12:04:46.193,199,NULL,NULL,NULL
187,External Lighting,455,1,1,1,2021-06-14 12:05:14.083,199,NULL,NULL,NULL
188,Footpath,456,1,1,1,2021-06-14 12:05:36.943,199,NULL,NULL,NULL
189,Landscaping,457,1,1,1,2021-06-14 12:05:58.410,199,NULL,NULL,NULL
190,Perimeter Protection,458,1,1,1,2021-06-14 12:06:15.343,199,NULL,NULL,NULL
191,Sign - General,459,1,1,1,2021-06-14 12:06:34.987,199,NULL,NULL,NULL
192,Land,460,1,1,1,2021-06-14 12:07:13.750,199,NULL,NULL,NULL
193,Road Structural Layer,461,1,1,1,2021-06-14 12:07:40.390,199,NULL,NULL,NULL
194,Land,444,1,1,1,2021-06-14 12:10:00.153,199,NULL,NULL,NULL
195,Small building - enclosure,462,1,1,1,2021-06-14 14:17:25.253,199,NULL,NULL,NULL
196,Walls,463,1,1,1,2021-06-14 14:17:42.913,199,NULL,NULL,NULL
197,Perimeter Protection,464,1,1,1,2021-06-14 14:18:22.443,199,NULL,NULL,NULL
198,Sign - General,465,1,1,1,2021-06-14 14:19:30.080,199,NULL,NULL,NULL
199,Land,466,1,1,1,2021-06-14 14:20:34.810,199,NULL,NULL,NULL
200,Road Structural Layer,467,1,1,1,2021-06-14 14:21:15.003,199,NULL,NULL,NULL
201,Earthworks,468,1,1,1,2021-06-14 14:21:42.323,199,NULL,NULL,NULL
202,Kerb,469,1,1,1,2021-06-14 14:22:00.130,199,NULL,NULL,NULL
203,Land,470,1,1,1,2021-06-14 14:22:59.437,199,NULL,NULL,NULL
204,Small Building - Enclosure,471,1,1,1,2021-06-14 14:23:39.630,199,NULL,NULL,NULL
205,Perimeter Protection,472,1,1,1,2021-06-14 14:24:31.967,199,NULL,NULL,NULL
206,Walls,475,1,1,1,2021-06-14 14:25:11.820,199,NULL,NULL,NULL
207,Small Building - Enclosure,476,1,1,1,2021-06-14 14:25:46.483,199,NULL,NULL,NULL
208,Perimeter Protection,474,1,1,1,2021-06-14 14:26:33.957,199,NULL,NULL,NULL
209,Land,473,1,1,1,2021-06-14 14:28:52.810,199,NULL,NULL,NULL
210,Small Building - Enclosure,477,1,1,1,2021-06-14 14:29:38.663,199,NULL,NULL,NULL
211,Walls,478,1,1,1,2021-06-14 14:29:57.407,199,NULL,NULL,NULL
212,Channel,479,1,1,1,2021-06-14 14:30:46.423,199,NULL,NULL,NULL
213,Steel Structure,480,1,1,1,2021-06-14 14:31:11.037,199,NULL,NULL,NULL
214,Tank,481,1,1,1,2021-06-14 14:31:30.737,199,NULL,NULL,NULL
215,External Furniture,482,1,1,1,2021-06-14 14:32:11.793,199,NULL,NULL,NULL
216,Community Hall,482,1,1,1,2021-06-14 14:32:19.883,199,NULL,NULL,NULL
217,External lighting,483,1,1,1,2021-06-14 14:32:53.463,199,NULL,NULL,NULL
218,Footpath,484,1,1,1,2021-06-14 14:33:20.620,199,NULL,NULL,NULL
219,Landscaping,485,1,1,1,2021-06-14 14:33:44.360,199,NULL,NULL,NULL
220,Paving,486,1,1,1,2021-06-14 14:34:07.873,199,NULL,NULL,NULL
221,Perimeter Protection,487,1,1,1,2021-06-14 14:34:30.547,199,NULL,NULL,NULL
222,Land,488,1,1,1,2021-06-14 14:35:11.707,199,NULL,NULL,NULL
223,Walls,489,1,1,1,2021-06-14 14:36:42.620,199,NULL,NULL,NULL
224,External Furniture,490,1,1,1,2021-06-14 14:37:21.127,199,NULL,NULL,NULL
225,External Lighting,491,1,1,1,2021-06-14 14:38:36.623,199,NULL,NULL,NULL
226,Footpath,492,1,1,1,2021-06-14 14:39:00.793,199,NULL,NULL,NULL
227,Paving,493,1,1,1,2021-06-14 14:39:23.103,199,NULL,NULL,NULL
228,Perimeter Protection,494,1,1,1,2021-06-14 14:39:40.937,199,NULL,NULL,NULL
229,Small Building - Enclosure,495,1,1,1,2021-06-14 14:40:06.730,199,NULL,NULL,NULL
230,Land,496,1,1,1,2021-06-14 14:40:39.750,199,NULL,NULL,NULL
231,Small Building - Enclosure,498,1,1,1,2021-06-14 14:41:25.990,199,NULL,NULL,NULL
232,Walls,497,1,1,1,2021-06-14 14:41:43.930,199,NULL,NULL,NULL
233,RC Structure,499,1,1,1,2021-06-14 14:42:16.977,199,NULL,NULL,NULL
234,Steel Structure,500,1,1,1,2021-06-14 14:42:38.167,199,NULL,NULL,NULL
235,Tank,501,1,1,1,2021-06-14 14:42:56.050,199,NULL,NULL,NULL
236,Valve - Water,502,1,1,1,2021-06-14 14:43:15.397,199,NULL,NULL,NULL
237,External Furniture,503,1,1,1,2021-06-14 14:43:50.570,199,NULL,NULL,NULL
238,External Lighting,504,1,1,1,2021-06-14 14:44:13.650,199,NULL,NULL,NULL
239,Footpath,505,1,1,1,2021-06-14 14:44:35.470,199,NULL,NULL,NULL
240,External Facilities,2,0,1,1,2021-06-14 14:44:58.637,199,2021-06-14 14:45:30.593,199,NULL
241,Landscaping,507,1,1,1,2021-06-14 14:48:03.727,199,NULL,NULL,NULL
242,Perimeter Protection,508,1,1,1,2021-06-14 14:48:23.777,199,NULL,NULL,NULL
243,Sign - General,509,1,1,1,2021-06-14 14:48:44.733,199,NULL,NULL,NULL
244,Small Building - Enclosure,510,1,1,1,2021-06-14 14:49:08.603,199,NULL,NULL,NULL
245,Land,511,1,1,1,2021-06-14 14:49:52.877,199,NULL,NULL,NULL
246,Land,512,1,1,1,2021-06-14 14:51:19.423,199,NULL,NULL,NULL
247,Fabricated Steel,513,1,1,1,2021-06-14 14:52:05.963,199,NULL,NULL,NULL
248,License testing centre,426,1,1,1,2021-06-14 15:01:04.000,199,NULL,NULL,NULL
249,Walls,514,1,1,1,2021-06-14 15:07:25.613,199,NULL,NULL,NULL
250,Road Structural Layer,535,1,1,1,2021-06-14 15:07:34.840,199,NULL,NULL,NULL
251,RC Structure,515,1,1,1,2021-06-14 15:07:43.530,199,NULL,NULL,NULL
252,Culvert,516,1,1,1,2021-06-14 15:08:18.630,199,NULL,NULL,NULL
253,Earthworks,517,1,1,1,2021-06-14 15:08:41.457,199,NULL,NULL,NULL
254,Irrigation,518,1,1,1,2021-06-14 15:09:05.093,199,NULL,NULL,NULL
255,Masonry Structure,519,1,1,1,2021-06-14 15:09:23.463,199,NULL,NULL,NULL
256,Pipe - Storm Water,520,1,1,1,2021-06-14 15:09:42.773,199,NULL,NULL,NULL
257,RC Structure,521,1,1,1,2021-06-14 15:10:11.947,199,NULL,NULL,NULL
258,Steel Structure,522,1,1,1,2021-06-14 15:10:44.063,199,NULL,NULL,NULL
259,Tank,523,1,1,1,2021-06-14 15:11:03.060,199,NULL,NULL,NULL
260,External Furniture,524,1,1,1,2021-06-14 15:12:25.073,199,NULL,NULL,NULL
261,External Lighting,525,1,1,1,2021-06-14 15:12:47.347,199,NULL,NULL,NULL
262,Paving,526,1,1,1,2021-06-14 15:13:10.367,199,NULL,NULL,NULL
263,Perimeter Protection,527,1,1,1,2021-06-14 15:13:29.583,199,NULL,NULL,NULL
264,Sign - General,528,1,1,1,2021-06-14 15:13:51.277,199,NULL,NULL,NULL
265,Land,529,1,1,1,2021-06-14 15:14:31.410,199,NULL,NULL,NULL
266,Fabricated Steel,530,1,1,1,2021-06-14 15:15:10.163,199,NULL,NULL,NULL
267,Steel Structure,531,1,1,1,2021-06-14 15:15:33.243,199,NULL,NULL,NULL
268,Road Structural Layer,532,1,1,1,2021-06-14 15:16:10.070,199,NULL,NULL,NULL
269,Fabricated Steel,533,1,1,1,2021-06-14 15:16:38.773,199,NULL,NULL,NULL
270,Sports Field,534,1,1,1,2021-06-14 15:17:03.880,199,NULL,NULL,NULL
271,LV Overhead Line,536,1,1,1,2021-06-14 15:18:27.673,199,NULL,NULL,NULL
272,High Mast Light,537,1,1,1,2021-06-14 15:23:06.283,199,NULL,NULL,NULL
273,Street Lights,538,1,1,1,2021-06-14 16:28:44.557,199,NULL,NULL,NULL
274,Retaining Wall,539,1,1,1,2021-06-14 16:29:57.667,199,NULL,NULL,NULL
275,Commuter Bench,544,1,1,1,2021-06-14 16:30:39.587,199,NULL,NULL,NULL
276,Commuter Shelter,30,1,1,1,2021-06-14 16:31:04.433,199,NULL,NULL,NULL
277,Footpath,78,1,1,1,2021-06-14 16:31:27.527,199,NULL,NULL,NULL
278,Guard Rail,92,1,1,1,2021-06-14 16:31:47.850,199,NULL,NULL,NULL
279,Mini Roundabout,128,1,1,1,2021-06-14 16:32:08.063,199,NULL,NULL,NULL
280,Paving,146,1,1,1,2021-06-14 16:32:26.160,199,NULL,NULL,NULL
281,Pedestrian Bridge Railing,541,1,1,1,2021-06-14 16:32:52.107,199,NULL,NULL,NULL
282,Sign - General,218,1,1,1,2021-06-14 16:33:20.257,199,NULL,NULL,NULL
283,Sign - Regulatory,219,1,1,1,2021-06-14 16:33:42.770,199,NULL,NULL,NULL
284,Speed Hump,226,1,1,1,2021-06-14 16:34:14.270,199,NULL,NULL,NULL
285,Street Lights,543,1,1,1,2021-06-14 16:34:35.360,199,NULL,NULL,NULL
286,Street Rubbish Bin,236,1,1,1,2021-06-14 16:34:52.237,199,NULL,NULL,NULL
287,Traffic Signal Units,248,1,1,1,2021-06-14 16:35:32.087,199,NULL,NULL,NULL
288,Road Bridge Abutment,199,1,1,1,2021-06-14 16:36:33.713,199,NULL,NULL,NULL
289,Road Bridge Side Barrier,200,1,1,1,2021-06-14 16:36:52.240,199,NULL,NULL,NULL
290,Road Bridge Substructure,201,1,1,1,2021-06-14 16:37:11.283,199,NULL,NULL,NULL
291,Road Bridge Superstructure,202,1,1,1,2021-06-14 16:37:30.713,199,NULL,NULL,NULL
292,Earthworks,545,1,1,1,2021-06-14 16:38:54.343,199,NULL,NULL,NULL
293,Paving,546,1,1,1,2021-06-14 16:39:32.590,199,NULL,NULL,NULL
294,Road Surface,547,1,1,1,2021-06-14 16:40:47.307,199,NULL,NULL,NULL
295,Street Lights,548,1,1,1,2021-06-14 16:41:24.147,199,NULL,NULL,NULL
296,Carport,549,1,1,1,2021-06-14 16:42:34.840,199,NULL,NULL,NULL
297,Grid Inlet,550,1,1,1,2021-06-14 16:42:58.793,199,NULL,NULL,NULL
298,Kerb,551,1,1,1,2021-06-14 16:43:35.393,199,NULL,NULL,NULL
299,Kerb Inlet,552,1,1,1,2021-06-14 16:44:11.430,199,NULL,NULL,NULL
300,Subsoil Drains,553,1,1,1,2021-06-14 16:44:44.583,199,NULL,NULL,NULL
301,Gabions,554,1,1,1,2021-06-14 16:46:00.160,199,NULL,NULL,NULL
302,RC Structure,555,1,1,1,2021-06-14 16:46:23.600,199,NULL,NULL,NULL
303,Sign - Regulatory,556,1,1,1,2021-06-14 16:46:41.967,199,NULL,NULL,NULL
304,Channel,557,1,1,1,2021-06-14 16:47:13.990,199,NULL,NULL,NULL
305,Culvert,558,1,1,1,2021-06-14 16:47:37.023,199,NULL,NULL,NULL
306,RC Structure,559,1,1,1,2021-06-14 16:48:20.503,199,NULL,NULL,NULL
307,Road Bridge Abutment,560,1,1,1,2021-06-14 16:48:47.313,199,NULL,NULL,NULL
308,Pipe - Sewer,561,1,1,1,2021-06-14 16:53:32.437,199,NULL,NULL,NULL
309,Pipe - Storm Water,562,1,1,1,2021-06-14 16:54:03.833,199,NULL,NULL,NULL
310,Pipe - Water,563,1,1,1,2021-06-14 16:54:35.967,199,NULL,NULL,NULL
311,Pipe Bridge Substructure,564,1,1,1,2021-06-14 16:55:04.820,199,NULL,NULL,NULL
312,Steel Structure,540,1,1,1,2021-06-15 08:54:05.917,199,NULL,NULL,NULL
313,Borehole,506,1,1,1,2021-06-15 08:55:57.067,199,NULL,NULL,NULL
314,Airconditioner,565,1,1,1,2021-06-15 16:20:19.040,199,NULL,NULL,NULL
315,Laminator,566,1,1,1,2021-06-15 16:20:39.540,199,NULL,NULL,NULL
316,Alcohol test,567,0,1,1,2021-06-15 16:20:56.720,199,2024-10-07 15:54:45.443,199,0
317,Camera,568,1,1,1,2021-06-15 16:21:11.037,199,NULL,NULL,NULL
318,Heater,569,1,1,1,2021-06-15 16:21:28.843,199,NULL,NULL,NULL
319,Folding Machine,570,1,1,1,2021-06-15 16:21:49.933,199,NULL,NULL,NULL
320,Franking Machine,571,1,1,1,2021-06-15 16:22:08.493,199,NULL,NULL,NULL
321,Megaphone,572,1,1,1,2021-06-15 16:22:32.010,199,NULL,NULL,NULL
322,Binding Machine,576,1,1,1,2021-06-15 16:45:44.983,199,NULL,NULL,NULL
323,Board,575,1,1,1,2021-06-15 16:46:05.327,199,NULL,NULL,NULL
324,Box,573,1,1,1,2021-06-15 16:46:27.543,199,NULL,NULL,NULL
325,Bulk Filer,574,1,1,1,2021-06-15 16:46:46.880,199,NULL,NULL,NULL
326,Cash Drawer,577,1,1,1,2021-06-15 16:47:29.437,199,NULL,NULL,NULL
327,Cell Phone,578,1,1,1,2021-06-15 16:47:58.037,199,NULL,NULL,NULL
328,Divider,579,1,1,1,2021-06-15 16:48:19.427,199,NULL,NULL,NULL
329,Mic Stand,580,1,1,1,2021-06-15 16:50:57.150,199,NULL,NULL,NULL
330,Recorder,581,1,1,1,2021-06-15 16:51:18.250,199,NULL,NULL,NULL
331,Safe,582,0,2,1,2021-06-15 16:51:37.617,199,2024-07-13 12:12:27.833,271,0
332,Shredder,583,1,1,1,2021-06-15 16:51:59.527,199,NULL,NULL,NULL
333,Speaker Stand,584,1,1,1,2021-06-15 16:52:18.933,199,NULL,NULL,NULL
334,Trolley,585,1,1,1,2021-06-15 16:52:41.360,199,NULL,NULL,NULL
335,Vacuum Cleaner,586,1,1,1,2021-06-15 16:52:59.680,199,NULL,NULL,NULL
336,Water Dispenser,587,1,1,1,2021-06-15 16:53:20.427,199,NULL,NULL,NULL
337,Fridge,588,1,1,1,2021-06-15 16:57:20.460,199,NULL,NULL,NULL
338,Laptop,589,0,1,1,2021-06-15 17:15:01.153,199,2022-09-15 20:30:52.647,199,NULL
339,Ipad,590,1,1,1,2021-06-15 17:15:10.993,199,NULL,NULL,NULL
340,Media Player,591,1,1,1,2021-06-15 17:15:53.377,199,NULL,NULL,NULL
341,Desktop Computer,592,1,1,1,2021-06-15 17:31:50.393,199,NULL,NULL,NULL
342,External Drive,593,1,1,1,2021-06-15 17:32:13.240,199,NULL,NULL,NULL
343,Firewall,594,1,1,1,2021-06-15 17:32:32.677,199,NULL,NULL,NULL
344,Monitor,595,1,1,1,2021-06-15 17:34:15.223,199,NULL,NULL,NULL
345,Printer,596,1,1,1,2021-06-15 17:34:38.177,199,NULL,NULL,NULL
346,Router,597,1,1,1,2021-06-15 17:35:02.687,199,NULL,NULL,NULL
347,Server,598,1,1,1,2021-06-15 17:35:21.947,199,NULL,NULL,NULL
348,Switch,599,1,1,1,2021-06-15 17:35:40.453,199,NULL,NULL,NULL
349,UPS,600,1,1,1,2021-06-15 17:36:02.283,199,NULL,NULL,NULL
350,Microphone,601,1,1,1,2021-06-15 17:45:13.403,199,NULL,NULL,NULL
351,Projector,603,1,1,1,2021-06-15 17:45:33.297,199,NULL,NULL,NULL
352,Mixing  Console,602,1,1,1,2021-06-15 17:46:33.300,199,NULL,NULL,NULL
353,Projector Screen,604,1,1,1,2021-06-15 17:46:52.927,199,NULL,NULL,NULL
354,Speaker,605,1,1,1,2021-06-15 17:47:12.440,199,NULL,NULL,NULL
355,Fire Arm,606,1,1,1,2021-06-15 17:51:59.240,199,NULL,NULL,NULL
356,Speed Trap,607,1,1,1,2021-06-15 17:52:39.620,199,NULL,NULL,NULL
357,Cherry Picker,611,1,1,1,2021-06-15 18:04:17.100,199,NULL,NULL,NULL
358,Chain Saw,610,0,1,1,2021-06-15 18:05:25.143,199,2023-03-16 09:28:34.493,271,NULL
359," Benchpress",608,1,1,1,2021-06-15 18:07:46.987,199,NULL,NULL,NULL
360,Brushcutter,609,1,1,1,2021-06-15 18:08:31.513,199,NULL,NULL,NULL
361,Emergency Lights,618,1,1,1,2021-06-15 18:23:46.550,199,NULL,NULL,NULL
362,Scanner,614,1,1,1,2021-06-15 18:24:18.690,199,NULL,NULL,NULL
363,Skip Bin,613,1,1,1,2021-06-15 18:24:38.570,199,NULL,NULL,NULL
364,Grid Roller,615,1,1,1,2021-06-15 18:25:07.110,199,NULL,NULL,NULL
365,Concrete Cutter Machine,612,1,1,1,2021-06-15 18:25:33.460,199,NULL,NULL,NULL
366,Hauler,617,1,1,1,2021-06-15 18:26:02.800,199,NULL,NULL,NULL
367,Plate Compactor,621,0,1,1,2021-06-15 18:26:31.607,199,2024-04-15 18:43:46.490,562,0
368,Road Marking Machine,616,0,1,1,2021-06-15 18:27:01.750,199,2023-03-16 09:28:57.163,271,NULL
369,GYM Equipment,619,1,1,1,2021-06-15 18:27:29.207,199,NULL,NULL,NULL
370,Fumigation Machine,620,1,1,1,2021-06-15 18:27:52.310,199,NULL,NULL,NULL
371,Microwave,622,1,1,1,2021-06-15 18:32:05.757,199,NULL,NULL,NULL
372,Motor Vehicles,623,1,1,1,2021-06-15 18:36:51.657,199,NULL,NULL,NULL
373,Pruner Tree,624,1,1,1,2021-06-17 13:10:56.630,199,NULL,NULL,NULL
374,Benchpress,608,1,1,1,2021-07-19 11:16:19.127,199,NULL,NULL,NULL
375,Benchpress,625,1,1,1,2021-07-19 11:37:11.130,199,NULL,NULL,NULL
376,Board,272,1,1,1,2021-11-10 16:11:31.940,199,NULL,NULL,NULL
377,Computer Workstation,272,1,1,1,2021-11-10 16:14:06.320,199,NULL,NULL,NULL
378,Sick Bed,272,1,1,1,2021-11-10 16:14:27.600,199,NULL,NULL,NULL
379,License Disk Scanner,383,1,1,1,2021-11-10 16:16:40.470,199,NULL,NULL,NULL
380,Trailer,383,1,1,1,2021-11-10 16:17:08.780,199,NULL,NULL,NULL
381,Speed Trapper,383,1,1,1,2021-11-10 16:17:29.227,199,NULL,NULL,NULL
382,Edge Trimmer,383,1,1,1,2021-11-10 16:17:47.927,199,NULL,NULL,NULL
383,Plough,383,1,1,1,2021-11-10 16:18:52.687,199,NULL,NULL,NULL
384,Planter,383,1,1,1,2021-11-10 16:19:06.437,199,NULL,NULL,NULL
385,Pressure Washer,383,1,1,1,2021-11-10 16:19:22.980,199,NULL,NULL,NULL
386,Lifeguard Post and Seat,383,1,1,1,2021-11-10 16:19:38.783,199,NULL,NULL,NULL
387,Swimming Pool Sweeper,383,1,1,1,2021-11-10 16:19:52.923,199,NULL,NULL,NULL
388,Voice Recorder,367,1,1,1,2021-11-10 16:23:28.760,199,NULL,NULL,NULL
389,TV Screen,367,1,1,1,2021-11-10 16:25:20.460,199,NULL,NULL,NULL
390,PA System,367,1,1,1,2021-11-10 16:25:38.123,199,NULL,NULL,NULL
391,Desktop Computer,589,1,1,1,2021-11-10 16:29:29.483,199,NULL,NULL,NULL
392,CPU,589,1,1,1,2021-11-10 16:29:44.810,199,NULL,NULL,NULL
393,Diesel Bowser Machine,383,1,1,1,2021-11-11 09:49:25.877,199,NULL,NULL,NULL
394,Security System,629,1,1,1,2021-11-11 11:10:24.493,199,NULL,NULL,NULL
395,Speed Trap,630,1,1,1,2021-11-11 11:26:34.300,199,NULL,NULL,NULL
396,Projector Screen,632,1,1,1,2021-11-11 11:41:06.987,199,NULL,NULL,NULL
397,Media Player,632,1,1,1,2021-11-11 11:41:25.697,199,NULL,NULL,NULL
398,Mixing Console,632,1,1,1,2021-11-11 11:41:51.283,199,NULL,NULL,NULL
399,Speaker,632,1,1,1,2021-11-11 11:42:04.923,199,NULL,NULL,NULL
400,Microphone,631,1,1,1,2021-11-11 11:43:36.950,199,NULL,NULL,NULL
401,Fire Arm,633,1,1,1,2021-11-11 11:52:36.457,199,NULL,NULL,NULL
402,Land,634,1,1,1,2022-05-18 15:42:52.543,199,NULL,NULL,NULL
403,Municipal Flats,635,1,1,1,2022-05-18 19:51:17.553,199,NULL,NULL,NULL
404,Garage,636,1,1,1,2022-05-19 09:30:00.180,199,NULL,NULL,NULL
405,Dwelling Normal Size House,637,1,1,1,2022-05-19 09:30:12.027,199,NULL,NULL,NULL
406,Hall-Indoor Sport Complex,638,1,1,1,2022-05-19 09:30:20.530,199,NULL,NULL,NULL
407,Market,639,1,1,1,2022-05-19 09:30:30.123,199,NULL,NULL,NULL
408,Internal Road,640,1,1,1,2022-05-19 09:32:57.147,199,NULL,NULL,NULL
409,Catchpit,641,1,1,1,2022-05-19 09:37:36.247,199,2024-04-15 07:30:01.803,562,0
410,Tank Stand,642,1,1,1,2022-05-19 09:42:15.427,199,NULL,NULL,NULL
411,Palisade Fence,440,1,1,1,2022-05-19 09:45:36.193,199,2024-04-15 07:31:27.377,562,0
412,Sliding Gate,440,1,1,1,2022-05-19 09:46:29.347,199,NULL,NULL,NULL
413,Pedestrian Gate,440,1,1,1,2022-05-19 09:47:15.267,199,NULL,NULL,NULL
414,Wall,440,1,1,1,2022-05-19 09:47:44.973,199,NULL,NULL,NULL
415,Swivel Gate,440,1,1,1,2022-05-19 09:48:34.950,199,NULL,NULL,NULL
416,Fence,440,1,1,1,2022-05-19 09:49:18.403,199,NULL,NULL,NULL
417,Footpath,643,1,1,1,2022-05-19 09:51:49.160,199,NULL,NULL,NULL
418,Outbuilding (Storeroom),434,1,1,1,2022-05-19 09:54:36.460,199,NULL,NULL,NULL
419,Jo-Jo Tank,644,1,1,1,2022-05-19 09:57:31.873,199,NULL,NULL,NULL
420,Taxi Rank,647,1,1,1,2022-05-19 12:41:58.513,199,NULL,NULL,NULL
421,License testing centre,648,1,1,1,2022-05-19 12:42:05.577,199,NULL,NULL,NULL
422,Library,649,1,1,1,2022-05-19 12:42:12.783,199,NULL,NULL,NULL
423,Parking,650,1,1,1,2022-05-19 12:48:17.677,199,NULL,NULL,NULL
424,Parking,651,1,1,1,2022-05-19 12:50:42.587,199,NULL,NULL,NULL
425,Walkway,652,1,1,1,2022-05-19 12:54:57.390,199,NULL,NULL,NULL
426,Walkway,653,1,1,1,2022-05-19 12:55:03.700,199,NULL,NULL,NULL
427,Walkway,654,1,1,1,2022-05-19 12:55:08.963,199,NULL,NULL,NULL
428,Office Block,655,1,1,1,2022-05-19 13:05:44.397,199,NULL,NULL,NULL
429,Office Block,656,1,1,1,2022-05-19 13:05:50.957,199,NULL,NULL,NULL
430,Office Block,657,1,1,1,2022-05-19 13:05:55.997,199,NULL,NULL,NULL
431,Office Block,658,1,1,1,2022-05-19 13:06:01.567,199,NULL,NULL,NULL
432,Boreholes,659,1,1,1,2022-05-19 13:13:38.023,199,NULL,NULL,NULL
433,Cenotaph,660,1,1,1,2022-05-19 13:15:37.000,199,NULL,NULL,NULL
434,Changeroom,661,1,1,1,2022-05-19 13:20:44.797,199,NULL,NULL,NULL
435,Community Hall,662,1,1,1,2022-05-19 13:42:10.820,199,NULL,NULL,NULL
436,Dwelling Low Cost Housing,663,1,1,1,2022-05-19 13:44:19.563,199,NULL,NULL,NULL
437,Handrails,664,1,1,1,2022-05-19 13:45:52.503,199,NULL,NULL,NULL
438,Heritage Building,665,1,1,1,2022-05-19 13:47:12.030,199,NULL,NULL,NULL
439,Kerb Barrier,666,1,1,1,2022-05-19 13:51:12.517,199,NULL,NULL,NULL
440,Lawns,667,1,1,1,2022-05-19 14:07:00.013,199,NULL,NULL,NULL
441,Mobile Office,668,1,1,1,2022-05-19 14:07:20.043,199,NULL,NULL,NULL
442,Netball Court,669,1,1,1,2022-05-19 14:07:35.600,199,NULL,NULL,NULL
443,Paved Area,670,1,1,1,2022-05-19 14:07:54.027,199,NULL,NULL,NULL
444,Paved Area,671,1,1,1,2022-05-19 14:08:02.223,199,NULL,NULL,NULL
445,Pavement,672,1,1,1,2022-05-19 14:08:23.780,199,NULL,NULL,NULL
446,Pavilion,673,1,1,1,2022-05-19 14:08:41.937,199,NULL,NULL,NULL
447,Small Urban Office,674,1,1,1,2022-05-19 14:08:58.207,199,NULL,NULL,NULL
448,Small Urban Office,675,1,1,1,2022-05-19 14:09:04.813,199,NULL,NULL,NULL
449,Sub-soil Drain Pipe,676,1,1,1,2022-05-19 14:09:14.733,199,NULL,NULL,NULL
450,Unpaved Road,677,1,1,1,2022-05-19 14:09:23.103,199,NULL,NULL,NULL
451,Fence,678,1,1,1,2022-05-19 14:12:57.427,199,NULL,NULL,NULL
452,Internal Road,679,1,1,1,2022-05-19 14:15:59.817,199,NULL,NULL,NULL
453,Fence,494,1,1,1,2022-05-19 14:17:53.783,199,NULL,NULL,NULL
454,Sliding Gate,494,1,1,1,2022-05-19 14:19:04.437,199,NULL,NULL,NULL
455,Street Light Head,491,1,1,1,2022-05-19 14:19:49.160,199,NULL,NULL,NULL
456,Palisade Fence,494,1,1,1,2022-05-19 14:20:37.430,199,NULL,NULL,NULL
457,Park Table,503,1,1,1,2022-05-19 14:21:34.430,199,NULL,NULL,NULL
458,Park Bench,503,1,1,1,2022-05-19 14:25:35.230,199,NULL,NULL,NULL
459,Plant Pot,503,1,1,1,2022-05-19 14:27:00.063,199,NULL,NULL,NULL
460,Street Rubbish Bin,503,1,1,1,2022-05-19 14:28:21.117,199,NULL,NULL,NULL
461,Braai,503,1,1,1,2022-05-19 14:30:09.547,199,NULL,NULL,NULL
462,Plant Pot,524,1,1,1,2022-05-19 14:33:22.520,199,NULL,NULL,NULL
463,Flood Light,525,1,1,1,2022-05-19 14:33:58.417,199,NULL,NULL,NULL
464,Football (Soccer) Pitch,534,1,1,1,2022-05-19 14:35:57.743,199,NULL,NULL,NULL
465,Sign - Information,524,1,1,1,2022-05-19 14:37:33.483,199,NULL,NULL,NULL
466,Sign - Information,680,1,1,1,2022-05-19 14:39:38.787,199,NULL,NULL,NULL
467,Sign - Information,503,1,1,1,2022-05-19 14:40:17.667,199,NULL,NULL,NULL
468,Wall,527,1,1,1,2022-05-19 14:41:36.667,199,NULL,NULL,NULL
469,Wall,508,1,1,1,2022-05-19 14:41:56.173,199,NULL,NULL,NULL
470,Wall,487,1,1,1,2022-05-19 14:42:10.180,199,NULL,NULL,NULL
471,Street Rubbish Bin,524,1,1,1,2022-05-19 14:44:53.610,199,NULL,NULL,NULL
472,Football (Soccer) Goal Posts,530,1,1,1,2022-05-19 14:46:32.987,199,NULL,NULL,NULL
473,Fence,464,1,1,1,2022-05-19 14:49:55.583,199,NULL,NULL,NULL
474,Fence,474,1,1,1,2022-05-19 14:51:07.417,199,NULL,NULL,NULL
475,Fence,487,1,1,1,2022-05-19 14:53:52.520,199,NULL,NULL,NULL
476,Fence,527,1,1,1,2022-05-19 14:55:41.753,199,NULL,NULL,NULL
477,Fence,508,1,1,1,2022-05-19 14:56:47.193,199,NULL,NULL,NULL
478,Fence,428,1,1,1,2022-05-19 14:57:50.420,199,NULL,NULL,NULL
479,Ablution Block,681,1,1,1,2022-05-19 15:01:03.700,199,NULL,NULL,NULL
480,Ablution Block,646,1,1,1,2022-05-19 15:03:35.937,199,NULL,NULL,NULL
481,Ablution Block,682,1,1,1,2022-05-19 15:05:45.993,199,NULL,NULL,NULL
482,Palisade Fence,508,1,1,1,2022-05-19 15:07:41.307,199,NULL,NULL,NULL
483,Palisade Fence,487,1,1,1,2022-05-19 15:08:02.583,199,NULL,NULL,NULL
484,Palisade Fence,464,1,1,1,2022-05-19 15:08:20.033,199,NULL,NULL,NULL
485,Palisade Fence,527,1,1,1,2022-05-19 15:08:40.303,199,NULL,NULL,NULL
486,Post Top Light,525,1,1,1,2022-05-19 15:10:03.630,199,NULL,NULL,NULL
487,Post Top Light,504,1,1,1,2022-05-19 15:10:25.783,199,NULL,NULL,NULL
488,Garden Light,504,1,1,1,2022-05-19 15:11:43.603,199,NULL,NULL,NULL
489,Water feature,503,1,1,1,2022-05-19 15:12:19.767,199,NULL,NULL,NULL
490,Lapa,510,1,1,1,2022-05-19 15:13:13.873,199,NULL,NULL,NULL
491,Toilets,498,1,1,1,2022-05-19 15:13:53.540,199,NULL,NULL,NULL
492,Toilets,477,1,1,1,2022-05-19 15:14:22.960,199,NULL,NULL,NULL
493,Toilets,683,1,1,1,2022-05-19 15:19:02.920,199,NULL,NULL,NULL
494,Toilets,462,1,1,1,2022-05-19 15:19:23.050,199,NULL,NULL,NULL
495,Jungle Gym,503,1,1,1,2022-05-19 15:22:32.093,199,NULL,NULL,NULL
496,Flood Light,504,1,1,1,2022-05-19 15:23:07.387,199,NULL,NULL,NULL
497,Flood Light,483,1,1,1,2022-05-19 15:23:24.247,199,NULL,NULL,NULL
498,Sliding Gate,487,1,1,1,2022-05-19 15:24:34.187,199,NULL,NULL,NULL
499,Sliding Gate,527,1,1,1,2022-05-19 15:24:59.087,199,NULL,NULL,NULL
500,Sliding Gate,508,1,1,1,2022-05-19 15:25:18.953,199,NULL,NULL,NULL
501,Plant Pot,482,1,1,1,2022-05-19 15:27:54.830,199,NULL,NULL,NULL
502,Channel,684,1,1,1,2022-05-19 15:32:10.407,199,NULL,NULL,NULL
503,V-Channel,685,1,1,1,2022-05-19 15:32:20.347,199,NULL,NULL,NULL
504,Guardhouse,462,1,1,1,2022-05-19 15:33:32.197,199,NULL,NULL,NULL
505,Guardhouse,686,1,1,1,2022-05-19 15:40:43.607,199,NULL,NULL,NULL
506,Swivel Gate,464,1,1,1,2022-05-19 15:41:47.760,199,NULL,NULL,NULL
507,Swivel Gate,474,1,1,1,2022-05-19 15:42:21.823,199,NULL,NULL,NULL
508,Swivel Gate,487,1,1,1,2022-05-19 15:42:45.410,199,NULL,NULL,NULL
509,Swivel Gate,494,1,1,1,2022-05-19 15:43:08.557,199,NULL,NULL,NULL
510,Swivel Gate,527,1,1,1,2022-05-19 15:43:28.793,199,NULL,NULL,NULL
511,Swivel Gate,428,1,1,1,2022-05-19 15:43:54.583,199,NULL,NULL,NULL
512,Internal Road,687,1,1,1,2022-05-19 15:52:00.243,199,NULL,NULL,NULL
513,Internal Road,688,1,1,1,2022-05-19 15:52:06.240,199,NULL,NULL,NULL
514,Internal Road,689,1,1,1,2022-05-19 15:52:12.047,199,NULL,NULL,NULL
515,Hall-Indoor Sport Complex,690,1,1,1,2022-05-19 15:54:18.953,199,NULL,NULL,NULL
516,Ablution - Change Rooms,645,1,1,1,2022-05-19 15:57:03.827,199,NULL,NULL,NULL
517,Ablution - Change Rooms,477,1,1,1,2022-05-19 15:57:48.123,199,NULL,NULL,NULL
518,Rugby Post,530,1,1,1,2022-05-19 15:59:05.170,199,NULL,NULL,NULL
519,Netball post,530,1,1,1,2022-05-19 15:59:58.887,199,NULL,NULL,NULL
520,Rugby Field,534,1,1,1,2022-05-19 16:01:45.120,199,NULL,NULL,NULL
521,Pedestrian Gate,527,1,1,1,2022-05-19 16:02:51.830,199,NULL,NULL,NULL
522,Pedestrian Gate,487,1,1,1,2022-05-19 16:03:11.560,199,NULL,NULL,NULL
523,Jo-Jo Tank,523,1,1,1,2022-05-19 16:05:00.947,199,NULL,NULL,NULL
524,Jo-Jo Tank,481,1,1,1,2022-05-19 16:05:24.457,199,NULL,NULL,NULL
525,Jo-Jo Tank,691,1,1,1,2022-05-19 16:07:45.623,199,NULL,NULL,NULL
526,Box Culvert,692,1,1,1,2022-05-19 17:39:30.473,199,NULL,NULL,NULL
527,Retaining Wall,693,1,1,1,2022-05-19 17:42:35.183,199,NULL,NULL,NULL
528,Tank Stand,694,1,1,1,2022-05-19 17:47:50.293,199,NULL,NULL,NULL
529,Tank Stand,697,1,1,1,2022-05-19 17:51:25.107,199,NULL,NULL,NULL
530,Tank Stand,698,1,1,1,2022-05-19 17:52:46.087,199,NULL,NULL,NULL
531,Outbuilding (Storeroom),476,1,1,1,2022-05-19 17:55:57.790,199,NULL,NULL,NULL
532,Outbuilding (Storeroom),477,1,1,1,2022-05-19 17:56:16.700,199,NULL,NULL,NULL
533,Outbuilding (Storeroom),699,1,1,1,2022-05-19 17:59:41.467,199,NULL,NULL,NULL
534,Outbuilding (Storeroom),686,1,1,1,2022-05-19 18:02:33.687,199,NULL,NULL,NULL
535,Outbuilding (Storeroom),498,1,1,1,2022-05-19 18:04:29.763,199,NULL,NULL,NULL
536,Outbuilding (Storeroom),683,1,1,1,2022-05-19 18:04:55.237,199,NULL,NULL,NULL
537,Street Rubbish Bin,482,1,1,1,2022-05-19 18:07:08.620,199,NULL,NULL,NULL
538,Park Bench,482,1,1,1,2022-05-19 18:07:52.503,199,NULL,NULL,NULL
539,Park Bench,524,1,1,1,2022-05-19 18:08:28.390,199,NULL,NULL,NULL
540,Pipe - Storm Water,700,1,1,1,2022-05-19 18:11:29.853,199,NULL,NULL,NULL
541,Market,701,1,1,1,2022-05-19 18:13:26.890,199,NULL,NULL,NULL
542,Kerb Inlet,702,1,1,1,2022-05-19 18:31:44.990,199,NULL,NULL,NULL
543,Flag Pole,482,1,1,1,2022-05-19 18:33:06.287,199,NULL,NULL,NULL
544,Earthworks,703,1,1,1,2022-05-19 18:37:27.833,199,NULL,NULL,NULL
545,Earthworks,704,1,1,1,2022-05-19 18:37:33.310,199,NULL,NULL,NULL
546,Hawker Stalls,705,1,1,1,2022-05-19 18:39:33.843,199,NULL,NULL,NULL
547,Hawkers Stalls,683,1,1,1,2022-05-19 18:40:20.877,199,NULL,NULL,NULL
548,Pump Station Building,686,1,1,1,2022-05-19 18:41:38.313,199,NULL,NULL,NULL
549,Footpath,706,1,1,1,2022-05-19 18:43:54.027,199,NULL,NULL,NULL
550,Rubbish Bin,524,1,1,1,2022-05-19 18:46:42.487,199,NULL,NULL,NULL
551,Rubbish Bin,503,1,1,1,2022-05-19 18:47:05.373,199,NULL,NULL,NULL
552,Catchpit,707,1,1,1,2022-05-19 18:50:07.303,199,NULL,NULL,NULL
553,Swimming Pool,708,1,1,1,2022-05-19 18:52:26.017,199,NULL,NULL,NULL
554,Braai,524,1,1,1,2022-05-19 18:53:09.140,199,NULL,NULL,NULL
555,Jo-Jo Tank,501,1,1,1,2022-05-19 18:57:30.013,199,NULL,NULL,NULL
556,Paved Area,709,1,1,1,2022-05-19 19:00:26.003,199,NULL,NULL,NULL
557,Fence,472,1,1,1,2022-05-19 19:01:53.507,199,NULL,NULL,NULL
558,Tank Stand,695,1,1,1,2022-05-19 19:04:07.437,199,NULL,NULL,NULL
559,Post Top Light,710,1,1,1,2022-05-19 19:31:17.230,199,NULL,NULL,NULL
560,Rural Electrification,711,1,1,1,2022-05-19 19:31:30.903,199,NULL,NULL,NULL
561,LED Lights,712,1,1,1,2022-05-19 19:32:01.277,199,NULL,NULL,NULL
562,Street Light,538,1,1,1,2022-05-19 19:32:37.317,199,NULL,NULL,NULL
563,Access Road,713,1,1,1,2022-05-20 11:36:02.580,199,NULL,NULL,NULL
564,Cattle Grid,714,1,1,1,2022-05-20 11:46:25.323,199,2024-10-07 19:51:02.167,199,0
565,Parking,715,1,1,1,2022-05-20 11:48:53.513,199,NULL,NULL,NULL
566,Paved Area,716,1,1,1,2022-05-20 11:49:01.803,199,NULL,NULL,NULL
567,Walkway,723,1,1,1,2022-05-20 11:56:15.083,199,NULL,NULL,NULL
568,Railing - Handrails,717,1,1,1,2022-05-20 11:58:13.527,199,NULL,NULL,NULL
569,Rubbish Bin,718,1,1,1,2022-05-20 11:58:46.830,199,NULL,NULL,NULL
570,Sign - Guidance,719,1,1,1,2022-05-20 11:59:02.980,199,NULL,NULL,NULL
571,Sign - Information,720,1,1,1,2022-05-20 11:59:27.400,199,NULL,NULL,NULL
572,Sign - Warning,721,1,1,1,2022-05-20 12:00:28.907,199,NULL,NULL,NULL
573,Traffic Circle,722,1,1,1,2022-05-20 12:01:45.057,199,NULL,NULL,NULL
574,Bridge Abutment,724,1,1,1,2022-05-20 12:06:52.443,199,NULL,NULL,NULL
575,Bridge Sub Structure,726,1,1,1,2022-05-20 12:07:00.990,199,NULL,NULL,NULL
576,Bridge Side Barrier,725,1,1,1,2022-05-20 12:07:08.280,199,NULL,NULL,NULL
577,Low Level Bridge,727,1,1,1,2022-05-20 12:07:15.933,199,NULL,NULL,NULL
578,Vehicle Bridge,728,1,1,1,2022-05-20 12:07:22.610,199,NULL,NULL,NULL
579,Gabions,729,1,1,1,2022-05-20 12:10:51.263,199,NULL,NULL,NULL
580,Catchpit,730,1,1,1,2022-05-20 12:16:10.263,199,NULL,NULL,NULL
581,Channel,731,1,1,1,2022-05-20 12:16:32.587,199,NULL,NULL,NULL
582,V-Channel,731,1,1,1,2022-05-20 12:16:41.777,199,NULL,NULL,NULL
583,Culvert,732,1,1,1,2022-05-20 12:17:03.210,199,NULL,NULL,NULL
584,Culvert Pipe,732,1,1,1,2022-05-20 12:17:24.597,199,NULL,NULL,NULL
585,Culvert Box,732,1,1,1,2022-05-20 12:17:55.987,199,NULL,NULL,NULL
586,Head And Wingwalls,733,1,1,1,2022-05-20 12:18:16.160,199,NULL,NULL,NULL
587,Kerb,734,1,1,1,2022-05-20 12:18:45.673,199,NULL,NULL,NULL
588,Kerb Barrier,735,1,1,1,2022-05-20 12:19:08.783,199,NULL,NULL,NULL
589,Kerb Inlet,736,1,1,1,2022-05-20 12:19:20.857,199,NULL,NULL,NULL
590,Ring Road,713,1,1,1,2022-05-20 12:21:06.547,199,NULL,NULL,NULL
591,Pavement,737,1,1,1,2022-05-20 12:25:24.627,199,NULL,NULL,NULL
592,Unpaved Road,738,1,1,1,2022-05-20 12:26:57.120,199,NULL,NULL,NULL
593,Pipe - Storm Water,739,1,1,1,2022-05-20 12:37:37.687,199,NULL,NULL,NULL
594,Pipe,740,1,1,1,2022-05-20 12:38:03.067,199,NULL,NULL,NULL
595,Street Light,741,0,1,1,2022-05-20 12:40:13.520,199,2024-10-07 19:33:44.030,199,0
596,Gabions,79,1,1,1,2022-05-20 14:09:38.023,199,NULL,NULL,NULL
597,Manhole,742,1,1,1,2022-05-20 14:12:01.603,199,NULL,NULL,NULL
598,Catchpit,743,1,1,1,2022-05-20 14:15:53.343,199,NULL,NULL,NULL
599,Box Culvert,558,1,1,1,2022-05-20 14:16:36.360,199,NULL,NULL,NULL
600,Culvert Box,558,1,1,1,2022-05-20 14:17:11.990,199,NULL,NULL,NULL
601,Pipe Culvert,558,1,1,1,2022-05-20 14:17:24.883,199,NULL,NULL,NULL
602,Culvert Pipe,558,1,1,1,2022-05-20 14:17:38.693,199,NULL,NULL,NULL
603,Kerb Barrier,744,1,1,1,2022-05-20 14:19:01.320,199,NULL,NULL,NULL
604,Kerb Inlet,745,1,1,1,2022-05-20 14:19:29.270,199,NULL,NULL,NULL
605,Pipe,746,1,1,1,2022-05-20 14:22:46.100,199,NULL,NULL,NULL
606,Low Level Bridge,747,1,1,1,2022-05-20 14:24:20.920,199,NULL,NULL,NULL
607,Ablution - Change Rooms,748,1,1,1,2022-05-20 15:40:52.777,199,NULL,NULL,NULL
608,Dwelling Low Cost Housing,749,1,1,1,2022-05-20 15:41:22.737,199,NULL,NULL,NULL
609,Dwelling Normal Size House,750,1,1,1,2022-05-20 15:41:36.327,199,NULL,NULL,NULL
610,Garage,751,1,1,1,2022-05-20 15:41:48.707,199,NULL,NULL,NULL
611,Hall-Indoor Sport Complex,752,1,1,1,2022-05-20 15:42:02.250,199,NULL,NULL,NULL
612,Mobile Office,753,1,1,1,2022-05-20 15:42:14.720,199,NULL,NULL,NULL
613,Office Block,754,1,1,1,2022-05-20 15:42:32.873,199,NULL,NULL,NULL
614,Small Urban Office,755,1,1,1,2022-05-20 15:42:49.740,199,NULL,NULL,NULL
615,Outbuilding (Storeroom),445,1,1,1,2022-05-20 15:43:22.617,199,NULL,NULL,NULL
616,Gaurdhouse,445,1,1,1,2022-05-20 15:43:31.463,199,NULL,NULL,NULL
617,Storage Container,445,1,1,1,2022-05-20 15:43:40.570,199,NULL,NULL,NULL
618,Camera,568,0,1,1,2022-05-30 08:46:51.963,252,NULL,NULL,NULL
619,Projector,632,0,1,1,2022-05-30 11:39:11.097,252,NULL,NULL,NULL
620,Projector Screen,604,0,1,1,2022-05-30 11:40:07.370,252,NULL,NULL,NULL
621,Speaker,605,0,1,1,2022-05-30 11:40:35.410,252,NULL,NULL,NULL
622,Board,756,0,1,1,2022-05-30 11:42:08.127,252,NULL,NULL,NULL
623,Chair,286,0,1,1,2022-05-30 11:42:40.970,252,NULL,NULL,NULL
624,Sick Bed,757,0,1,1,2022-05-30 11:43:43.703,252,NULL,NULL,NULL
625,Stand,350,0,1,1,2022-05-30 11:44:24.840,252,NULL,NULL,NULL
626,Microwave,760,0,1,1,2022-05-30 12:42:15.020,252,NULL,NULL,NULL
627,Fridge,588,0,1,1,2022-05-30 12:56:16.650,252,NULL,NULL,NULL
628,Voice Recorder,761,0,1,1,2022-05-30 13:00:52.027,252,NULL,NULL,NULL
629,CPU,762,0,1,1,2022-05-30 13:43:27.610,251,NULL,NULL,NULL
630,Microwave,760,1,1,1,2022-05-30 14:29:03.473,252,NULL,NULL,NULL
631,Fridge,763,0,1,1,2022-05-30 15:01:05.867,252,NULL,NULL,NULL
632,TV Screen,764,0,1,1,2022-05-30 15:20:09.497,252,NULL,NULL,NULL
633,PA System,765,0,1,1,2022-05-30 15:20:21.953,252,NULL,NULL,NULL
634,Media Player,591,0,1,1,2022-05-30 15:26:45.853,252,NULL,NULL,NULL
635,Mixing  Console,766,0,1,1,2022-05-30 15:36:42.170,252,NULL,NULL,NULL
636,Computer Workstation,758,0,1,1,2022-05-30 15:41:11.427,252,NULL,NULL,NULL
637,Microphone,631,0,1,1,2022-05-31 08:37:41.713,252,NULL,NULL,NULL
638,Speaker,767,0,1,1,2022-05-31 08:42:32.420,252,NULL,NULL,NULL
639,Projector Screen,759,0,1,1,2022-05-31 09:23:34.013,252,NULL,NULL,NULL
640,Media Player,768,0,1,1,2022-05-31 09:28:35.110,252,NULL,NULL,NULL
641,Truck,777,0,1,1,2022-05-31 12:05:35.183,252,NULL,NULL,NULL
642,Trailer,778,0,1,1,2022-05-31 12:06:13.287,252,NULL,NULL,NULL
643,Diesel Bowser Machine,778,0,1,1,2022-05-31 12:06:43.900,252,NULL,NULL,NULL
644,Pressure Washer,769,0,1,1,2022-05-31 12:07:14.223,252,NULL,NULL,NULL
645,Boom Spray,770,0,1,1,2022-05-31 12:07:37.820,252,NULL,NULL,NULL
646,Plough,771,0,1,1,2022-05-31 12:07:58.073,252,NULL,NULL,NULL
647,Planter,773,0,1,1,2022-05-31 12:08:12.980,252,NULL,NULL,NULL
648,Lifeguard Post and Seat,774,0,1,1,2022-05-31 12:08:30.813,252,NULL,NULL,NULL
649,Swimming Pool Sweeper,775,0,1,1,2022-05-31 12:08:48.967,252,NULL,NULL,NULL
650,License Disk Scanner,772,0,1,1,2022-05-31 12:09:06.367,252,NULL,NULL,NULL
651,Speed Trap,779,0,1,1,2022-05-31 12:09:24.300,252,NULL,NULL,NULL
652,"Offset Trailer ",778,0,1,1,2022-05-31 12:09:45.693,252,NULL,NULL,NULL
653,Shelf,343,0,1,1,2022-06-01 09:26:12.080,252,NULL,NULL,NULL
654,Desk,298,0,1,1,2022-06-01 09:26:37.013,252,NULL,NULL,NULL
655,Airconditioner,565,0,1,1,2022-06-01 09:27:59.473,252,NULL,NULL,NULL
656,Edge Trimmer,776,0,1,1,2022-06-01 09:38:54.287,252,NULL,NULL,NULL
657,Grass Cutter,398,0,1,1,2022-06-01 09:39:20.393,252,NULL,NULL,NULL
658,Blower,390,0,1,1,2022-06-01 09:40:00.273,252,NULL,NULL,NULL
659,Fire Arm,633,0,1,1,2022-06-01 10:46:45.663,252,NULL,NULL,NULL
660,Palisade Fence,458,0,1,1,2022-06-01 12:10:53.033,252,NULL,NULL,NULL
661,Pedestrian Gate,458,0,1,1,2022-06-01 12:12:29.727,252,NULL,NULL,NULL
662,Wall,458,0,1,1,2022-06-01 12:13:11.370,252,NULL,NULL,NULL
663,Sliding Gate,458,0,1,1,2022-06-01 12:14:03.117,252,NULL,NULL,NULL
664,Swivel Gate,458,0,1,1,2022-06-01 12:15:40.867,252,NULL,NULL,NULL
665,Fence,458,0,1,1,2022-06-01 12:16:22.767,252,NULL,NULL,NULL
666,Boom Gate Manual,458,0,1,1,2022-06-01 12:17:11.010,252,NULL,NULL,NULL
667,Electrical Fence,458,0,1,1,2022-06-01 12:17:56.917,252,NULL,NULL,NULL
668,Walkway,783,0,1,1,2022-06-01 12:25:35.353,252,NULL,NULL,NULL
669,Flood Light,455,0,1,1,2022-06-01 12:26:11.433,252,NULL,NULL,NULL
670,Flag Pole,454,0,1,1,2022-06-01 12:26:46.530,252,NULL,NULL,NULL
671,Sign - Information,454,0,1,1,2022-06-01 12:27:12.807,252,NULL,NULL,NULL
672,Lawns,784,0,1,1,2022-06-01 12:27:42.360,252,NULL,NULL,NULL
673,Tank Stand,780,0,1,1,2022-06-01 12:29:35.923,252,NULL,NULL,NULL
674,Internal Road,781,0,1,1,2022-06-01 12:30:16.527,252,NULL,NULL,NULL
675,Kerb Inlet,782,0,1,1,2022-06-01 13:19:58.193,0,NULL,NULL,NULL
676,Pipe - Storm Water,785,0,1,1,2022-06-01 14:21:16.197,252,NULL,NULL,NULL
677,Culvert Pipe,787,0,1,1,2022-06-01 16:07:32.377,252,NULL,NULL,NULL
678,Pipe,786,0,1,1,2022-06-01 16:07:57.950,252,NULL,NULL,NULL
679,Jo-Jo Tank,451,0,1,1,2022-06-01 16:13:58.023,252,NULL,NULL,NULL
680,Paved Area,788,1,1,1,2022-06-01 16:17:33.300,252,NULL,NULL,NULL
681,Internal Road,781,1,1,1,2022-06-01 16:18:58.203,252,NULL,NULL,NULL
682,Pipe - Storm Water,785,1,1,1,2022-06-01 16:19:40.497,252,NULL,NULL,NULL
683,Pipe,786,1,1,1,2022-06-01 16:19:52.213,252,NULL,NULL,NULL
684,Palisade Fence,458,1,1,1,2022-06-01 16:20:29.910,252,NULL,NULL,NULL
685,Wall,458,1,1,1,2022-06-01 16:20:59.437,252,NULL,NULL,NULL
686,Fence,458,1,1,1,2022-06-01 16:21:19.910,252,NULL,NULL,NULL
687,Swivel Gate,458,1,1,1,2022-06-01 16:21:53.327,252,NULL,NULL,NULL
688,Pedestrian Gate,458,1,1,1,2022-06-01 16:22:24.410,252,NULL,NULL,NULL
689,Walkway,458,1,1,1,2022-06-01 16:22:44.023,252,NULL,NULL,NULL
690,Flood Light,455,1,1,1,2022-06-01 16:23:48.913,252,NULL,NULL,NULL
691,Sliding Gate,458,1,1,1,2022-06-01 16:24:47.560,252,NULL,NULL,NULL
692,Electrical Fence,458,1,1,1,2022-06-01 16:24:57.480,252,NULL,NULL,NULL
693,Boom Gate Manual,458,1,1,1,2022-06-01 16:25:20.567,252,NULL,NULL,NULL
694,Walkway,783,1,1,1,2022-06-01 16:25:51.633,252,NULL,NULL,NULL
695,Flag Pole,454,1,1,1,2022-06-01 16:26:18.213,252,NULL,NULL,NULL
696,Sign - Information,454,1,1,1,2022-06-01 16:26:31.083,252,NULL,NULL,NULL
697,Lawns,784,1,1,1,2022-06-01 16:26:52.510,252,NULL,NULL,NULL
698,Tank Stand,780,1,1,1,2022-06-01 16:27:39.107,252,NULL,NULL,NULL
699,Kerb Inlet,782,1,1,1,2022-06-01 16:28:51.590,252,NULL,NULL,NULL
700,Culvert Pipe,787,1,1,1,2022-06-01 16:30:33.147,252,NULL,NULL,NULL
701,Community Hall,790,1,1,1,2022-06-08 12:00:57.217,251,NULL,NULL,NULL
702,Community Hall - Retention,791,1,1,1,2022-06-08 12:01:48.497,251,NULL,NULL,NULL
703,Sports Facility,792,1,1,1,2022-06-08 12:02:45.450,251,NULL,NULL,NULL
704,Sports Facility - Retention,793,1,1,1,2022-06-08 12:03:18.880,251,NULL,NULL,NULL
705,Taxi Rank - Retention,794,1,1,1,2022-06-08 12:06:55.580,251,NULL,NULL,NULL
706,Testing Station,795,1,1,1,2022-06-08 12:12:10.170,251,NULL,NULL,NULL
707,Testing Station - Retention,796,1,1,1,2022-06-08 12:12:38.363,251,NULL,NULL,NULL
708,Tourism Structure,789,1,1,1,2022-06-08 12:13:55.780,251,NULL,NULL,NULL
709,Taxi Rank,798,1,1,1,2022-06-14 13:11:45.360,251,NULL,NULL,NULL
710,Network Server,799,0,1,1,2022-10-03 14:16:30.507,251,NULL,NULL,NULL
711,Server Rack Mount,800,0,1,1,2022-10-03 14:19:33.813,251,NULL,NULL,NULL
712,Sign Electronic LED,801,1,1,1,2022-10-04 09:45:55.900,252,NULL,NULL,NULL
713,Manhole,802,1,1,1,2022-10-04 10:27:59.567,252,NULL,NULL,NULL
714,High Mast Light,803,1,1,1,2022-10-04 11:02:07.610,252,NULL,NULL,NULL
715,Post Top Light,804,1,1,1,2022-10-04 11:02:20.860,252,NULL,NULL,NULL
716,Filing Cabinet,805,0,1,1,2022-10-04 11:03:26.693,252,NULL,NULL,NULL
717,Visitors Chair,806,0,1,1,2022-10-04 11:03:44.390,252,NULL,NULL,NULL
718,Light Box with Poles,807,0,1,1,2022-10-04 11:03:59.163,252,NULL,NULL,NULL
719,Land,808,1,1,1,2022-10-04 12:10:59.813,252,NULL,NULL,NULL
720,Boardroom Desk,811,0,1,1,2022-10-04 15:07:21.887,252,NULL,NULL,NULL
721,Boardroom Table,810,0,1,1,2022-10-04 15:07:52.383,252,NULL,NULL,NULL
722,Brochure Stand,812,0,1,1,2022-10-04 15:08:13.250,252,NULL,NULL,NULL
723,Bulk Filer,813,0,1,1,2022-10-04 15:08:34.247,252,NULL,NULL,NULL
724,Cell Phone,809,0,1,1,2022-10-04 15:08:54.193,252,NULL,NULL,NULL
725,Chairs And Couches,814,0,1,1,2022-10-04 15:09:37.580,252,NULL,NULL,NULL
726,Coat and Hat Stand,287,0,1,1,2022-10-04 15:10:04.043,252,NULL,NULL,NULL
727,Coat and Hat Stand,831,1,1,1,2022-10-04 15:12:34.543,252,NULL,NULL,NULL
728,Coat Stand,815,1,1,1,2022-10-04 15:13:02.000,252,NULL,NULL,NULL
729,Coffee Table,816,0,1,1,2022-10-04 15:13:23.530,252,NULL,NULL,NULL
730,Coat and Hat Stand,831,0,1,1,2022-10-04 15:13:48.970,252,NULL,NULL,NULL
731,Binder,277,0,1,1,2022-10-04 15:14:13.647,252,NULL,NULL,NULL
732,Conference Table,817,0,1,1,2022-10-04 15:15:02.110,252,NULL,NULL,NULL
733,Desk - Credenza and Pedestal,818,0,1,1,2022-10-04 15:16:03.670,252,NULL,NULL,NULL
734,Desk Extension,819,0,1,1,2022-10-04 15:16:25.270,252,NULL,NULL,NULL
735,Digital Voice Processing,820,0,1,1,2022-10-04 15:16:52.233,252,NULL,NULL,NULL
736,Draughtsman Chair,821,0,1,1,2022-10-04 15:17:14.680,252,NULL,NULL,NULL
737,Dual Vocal Set,822,0,1,1,2022-10-04 15:17:32.883,252,NULL,NULL,NULL
738,Dunham Bush,823,0,1,1,2022-10-04 15:17:53.390,252,NULL,NULL,NULL
739,Interactive White Board System-Projector,824,0,1,1,2022-10-04 15:18:29.797,252,NULL,NULL,NULL
740,Loudhailer,825,0,1,1,2022-10-04 15:18:50.227,252,NULL,NULL,NULL
741,Microphones,318,0,1,1,2022-10-04 15:19:09.953,252,NULL,NULL,NULL
742,Open L - Extension,826,0,1,1,2022-10-04 15:19:30.477,252,NULL,NULL,NULL
743,Projector Stand,827,0,1,1,2022-10-04 15:19:51.213,252,NULL,NULL,NULL
744,Quarter Link,828,0,1,1,2022-10-04 15:20:12.257,252,NULL,NULL,NULL
745,Reception Counter,829,0,1,1,2022-10-04 15:20:34.883,252,2024-10-07 16:02:36.417,199,0
746,Trolley,830,0,1,1,2022-10-04 15:21:25.640,252,NULL,NULL,NULL
747,Whiteboard,362,0,1,1,2022-10-04 15:22:04.643,252,NULL,NULL,NULL
748,Amplifier,832,0,1,1,2022-10-04 16:41:24.817,252,NULL,NULL,NULL
749,Beltpack Transmitter,833,0,1,1,2022-10-04 16:41:41.840,252,NULL,NULL,NULL
750,Gym Stand Bars,834,0,1,1,2022-10-04 16:41:59.780,252,NULL,NULL,NULL
751,Microphone,318,0,1,1,2022-10-04 16:56:40.340,252,NULL,NULL,NULL
752,TV Screen,835,0,1,1,2022-10-04 16:59:56.480,252,NULL,NULL,NULL
753,Office Block - Electrical Connection,836,1,1,1,2022-10-05 10:51:11.340,252,NULL,NULL,NULL
754,Guardhouse,445,1,1,1,2022-10-05 10:52:51.290,252,NULL,NULL,NULL
755,Sign Electronic Led,454,1,1,1,2022-10-05 10:57:35.940,252,NULL,NULL,NULL
756,Street Light,838,1,1,1,2022-10-05 11:30:56.223,252,NULL,NULL,NULL
757,Flowerbed And Shrub -Trees,839,1,1,1,2022-10-05 12:51:25.730,252,NULL,NULL,NULL
758,Flowerbed And Shrub -Trees,841,1,1,1,2022-10-05 12:54:33.827,252,NULL,NULL,NULL
759,Flowerbed And Shrub -Trees,840,1,1,1,2022-10-05 12:55:15.313,252,NULL,NULL,NULL
760,Athletics Outdoor Track And Field,842,1,1,1,2022-10-05 13:06:03.073,252,NULL,NULL,NULL
761,Ballade Poles,843,1,1,1,2022-10-05 13:09:58.590,252,NULL,NULL,NULL
762,Culvert Pipe,844,1,1,1,2022-10-05 13:17:05.473,252,NULL,NULL,NULL
763,Dwelling Flats,845,1,1,1,2022-10-05 13:20:56.517,252,NULL,NULL,NULL
764,Pump Station Building,846,1,1,1,2022-10-05 13:21:09.953,252,NULL,NULL,NULL
765,Rugby Field,847,1,1,1,2022-10-05 13:25:24.420,252,NULL,NULL,NULL
766,Softball Field,848,1,1,1,2022-10-05 13:25:36.040,252,NULL,NULL,NULL
767,Golf Course,849,1,1,1,2022-10-05 13:25:45.880,252,NULL,NULL,NULL
768,Office Small Urban Office - Similar To House,850,1,1,1,2022-10-05 13:43:10.297,252,NULL,NULL,NULL
769,Office Small Urban Office - Similar To House,851,1,1,1,2022-10-05 13:43:24.543,252,NULL,NULL,NULL
770,Fire Arm,852,0,1,1,2022-10-05 16:29:25.460,252,NULL,NULL,NULL
771,Boom Gate,527,1,1,1,2022-10-06 08:27:43.623,252,NULL,NULL,NULL
772,Veranda,498,1,1,1,2022-10-06 08:34:28.233,252,NULL,NULL,NULL
773,Other assets,853,0,1,1,2022-10-06 08:36:37.323,252,NULL,NULL,NULL
774,Tennis Court,854,1,1,1,2022-10-06 08:41:46.430,252,NULL,NULL,NULL
775,Flowerbed And Shrub -Trees,855,1,1,1,2022-10-06 08:52:19.747,252,NULL,NULL,NULL
776,Generator Building,837,1,1,1,2022-10-06 08:55:50.310,252,NULL,NULL,NULL
777,Medal,856,0,1,1,2022-10-06 12:30:56.147,252,NULL,NULL,NULL
778,Chain,857,0,1,1,2022-10-06 12:31:15.947,252,NULL,NULL,NULL
779,External Hard Drive,859,0,1,1,2022-10-06 12:48:24.310,251,NULL,NULL,NULL
780,Server Mount Cabinet,858,0,1,1,2022-10-06 12:49:37.647,251,NULL,NULL,NULL
781,Forticare,860,0,1,1,2022-10-06 13:24:06.573,251,NULL,NULL,NULL
782,Document Sealer 2D,861,0,1,1,2022-10-06 13:41:05.227,251,NULL,NULL,NULL
783,Monochrome Payslip Laser Printer,862,0,1,1,2022-10-06 13:47:25.313,251,NULL,NULL,NULL
784,2 Way Radio,863,0,1,1,2022-10-07 11:08:11.460,252,NULL,NULL,NULL
785,Air Jack,864,0,1,1,2022-10-07 11:08:27.923,252,NULL,NULL,NULL
786,Angle Grinder,865,0,1,1,2022-10-07 11:08:44.683,252,NULL,NULL,NULL
787,Backhoe Loader-TLB,866,0,1,1,2022-10-07 11:09:03.783,252,NULL,NULL,NULL
788,Battery Charger,867,0,1,1,2022-10-07 11:09:19.533,252,NULL,NULL,NULL
789,Bench Press,868,0,1,1,2022-10-07 11:10:09.327,252,NULL,NULL,NULL
790,Blower,869,0,1,1,2022-10-07 11:10:33.003,252,NULL,NULL,NULL
791,Boom Spray,870,0,1,1,2022-10-07 11:10:52.540,252,NULL,NULL,NULL
792,Cabinet Battery Box,871,0,1,1,2022-10-07 11:11:12.793,252,NULL,NULL,NULL
793,Chainsaw,872,0,1,1,2022-10-07 11:11:33.207,252,NULL,NULL,NULL
794,Cherry Picker,873,0,1,1,2022-10-07 11:11:52.703,252,NULL,NULL,NULL
795,Cold Milling Machine,874,0,1,1,2022-10-07 11:12:09.770,252,NULL,NULL,NULL
796,Compactor,875,0,1,1,2022-10-07 11:12:26.203,252,NULL,NULL,NULL
797,Compressor,876,0,1,1,2022-10-07 11:12:44.857,252,NULL,NULL,NULL
798,Converter,877,0,1,1,2022-10-07 11:13:03.483,252,NULL,NULL,NULL
799,Crane,878,0,1,1,2022-10-07 11:13:20.193,252,NULL,NULL,NULL
800,Diesel Bowser Trailer,879,0,1,1,2022-10-07 11:13:35.443,252,NULL,NULL,NULL
801,Drill,880,0,1,1,2022-10-07 11:13:52.333,252,NULL,NULL,NULL
802,Dumbbells,881,0,1,1,2022-10-07 11:14:08.053,252,NULL,NULL,NULL
803,Dumpy Level,882,0,1,1,2022-10-07 11:14:24.373,252,NULL,NULL,NULL
804,Edge Trimmer,883,0,1,1,2022-10-07 11:14:51.023,252,NULL,NULL,NULL
805,Excavator,884,0,1,1,2022-10-07 11:15:09.827,252,NULL,NULL,NULL
806,Fumigation Machine,885,0,1,1,2022-10-07 11:15:26.033,252,NULL,NULL,NULL
807,Generator,886,0,1,1,2022-10-07 11:15:44.763,252,NULL,NULL,NULL
808,Grader,887,0,1,1,2022-10-07 11:17:59.257,252,NULL,NULL,NULL
809,Grass Cutter,888,0,1,1,2022-10-07 11:18:13.307,252,NULL,NULL,NULL
810,Grass Cutter Machine,889,0,1,1,2022-10-07 11:18:35.533,252,NULL,NULL,NULL
811,Grid Roller,890,0,1,1,2022-10-07 11:18:58.080,252,NULL,NULL,NULL
812,Grinder,891,0,1,1,2022-10-07 11:19:21.007,252,NULL,NULL,NULL
813,High Pressure Washer,892,0,1,1,2022-10-07 11:19:37.947,252,NULL,NULL,NULL
814,Hydraulic Heavy Crimper,893,0,1,1,2022-10-07 11:20:04.107,252,NULL,NULL,NULL
815,Industrial Generator,894,0,1,1,2022-10-07 11:20:17.583,252,NULL,NULL,NULL
816,Jack,895,0,1,1,2022-10-07 11:20:31.383,252,NULL,NULL,NULL
817,Licence Disk Scanner and Number Plate Recognition,896,0,1,1,2022-10-07 11:20:45.863,252,NULL,NULL,NULL
818,Lifeguard Post and Seat,897,0,1,1,2022-10-07 11:21:03.393,252,NULL,NULL,NULL
819,Lowbed,898,0,1,1,2022-10-07 11:21:18.677,252,NULL,NULL,NULL
820,Maize Planter,899,0,1,1,2022-10-07 11:21:33.413,252,NULL,NULL,NULL
821,Maximum User Weight,900,0,1,1,2022-10-07 11:21:48.660,252,NULL,NULL,NULL
822,Maximum Weight Capacity,901,0,1,1,2022-10-07 11:22:02.760,252,NULL,NULL,NULL
823,Measuring Wheel,902,0,1,1,2022-10-07 11:22:23.130,252,NULL,NULL,NULL
824,Mouldboard Plough,903,0,1,1,2022-10-07 11:22:52.183,252,NULL,NULL,NULL
825,Mower,904,0,1,1,2022-10-07 11:23:09.180,252,NULL,NULL,NULL
826,Multipurpose Tester Digital,905,0,1,1,2022-10-07 11:23:21.790,252,NULL,NULL,NULL
827,Offset Disc Harrow,906,0,1,1,2022-10-07 11:23:35.523,252,NULL,NULL,NULL
828,Planter,907,0,1,1,2022-10-07 11:23:49.443,252,NULL,NULL,NULL
829,Pressing Machine,908,0,1,1,2022-10-07 11:24:03.693,252,NULL,NULL,NULL
830,Pruner Tree,909,0,1,1,2022-10-07 11:24:18.360,252,NULL,NULL,NULL
831,Roadblock Lights,910,0,1,1,2022-10-07 11:24:35.643,252,NULL,NULL,NULL
832,Roller,911,0,1,1,2022-10-07 11:24:56.730,252,NULL,NULL,NULL
833,Skip Bin,912,0,1,1,2022-10-07 11:25:14.187,252,NULL,NULL,NULL
834,Skip Truck,913,0,1,1,2022-10-07 11:25:30.267,252,NULL,NULL,NULL
835,Speed Measuring Instrument,914,0,1,1,2022-10-07 11:25:44.307,252,NULL,NULL,NULL
836,Speed Trapper,915,0,1,1,2022-10-07 11:26:01.593,252,NULL,NULL,NULL
837,Tanker Fuel,916,0,1,1,2022-10-07 11:26:19.020,252,NULL,NULL,NULL
838,Tar-Concrete Cutter Machine,917,0,1,1,2022-10-07 11:26:37.470,252,NULL,NULL,NULL
839,Tip Truck,918,0,1,1,2022-10-07 11:26:54.670,252,NULL,NULL,NULL
840,Tipper Truck,919,0,1,1,2022-10-07 11:27:19.607,252,NULL,NULL,NULL
841,Tool bag set,920,0,1,1,2022-10-07 11:27:58.290,252,NULL,NULL,NULL
842,Tractor,921,0,1,1,2022-10-07 11:28:16.640,252,NULL,NULL,NULL
843,Tractor Roller Mower,922,0,1,1,2022-10-07 11:28:37.727,252,NULL,NULL,NULL
844,Trailer,923,0,1,1,2022-10-07 11:29:17.960,252,NULL,NULL,NULL
845,Treadmill,924,0,1,1,2022-10-07 11:29:34.430,252,NULL,NULL,NULL
846,Truck,925,0,1,1,2022-10-07 11:29:48.003,252,NULL,NULL,NULL
847,Tyre Inflator and Deflator,926,0,1,1,2022-10-07 11:30:27.670,252,NULL,NULL,NULL
848,Vibratory Compactor,927,0,1,1,2022-10-07 11:30:53.867,252,NULL,NULL,NULL
849,Water Pump Machine,928,0,1,1,2022-10-07 11:31:12.253,252,NULL,NULL,NULL
850,Welding Machine,929,0,1,1,2022-10-07 11:31:25.363,252,NULL,NULL,NULL
851,Inflatable ribbon,930,0,1,1,2022-10-07 11:33:32.830,252,NULL,NULL,NULL
852,Grinder,931,0,1,1,2022-10-07 11:33:45.533,252,NULL,NULL,NULL
853,Fence,932,1,1,1,2022-10-07 12:47:54.533,252,NULL,NULL,NULL
854,Park Table,524,1,1,1,2022-10-07 12:59:53.317,252,NULL,NULL,NULL
855,Jungle Gym,524,1,1,1,2022-10-07 13:01:25.963,252,NULL,NULL,NULL
856,Toilets,686,1,1,1,2022-10-07 13:04:46.187,252,NULL,NULL,NULL
857,Palisade Fence,678,1,1,1,2022-10-07 13:07:58.583,252,NULL,NULL,NULL
858,Sliding Gate,678,1,1,1,2022-10-07 13:08:19.983,252,NULL,NULL,NULL
859,Cold Milling Machine,874,1,1,1,2022-10-07 13:30:02.720,252,NULL,NULL,NULL
860,Diesel Bowser Trailer,879,1,1,1,2022-10-07 13:31:00.173,252,NULL,NULL,NULL
861,Flowerbed And Shrub -Trees,935,1,1,1,2022-10-07 13:53:05.330,252,NULL,NULL,NULL
862,Hall-Indoor Sport Complex,936,1,1,1,2022-10-07 13:53:24.400,252,NULL,NULL,NULL
863,Sign Electronic LED,482,1,1,1,2022-10-07 13:53:48.663,252,NULL,NULL,NULL
864,Ablution - Change Rooms,937,1,1,1,2022-10-07 13:54:20.413,252,NULL,NULL,NULL
865,Guardhouse,938,1,1,1,2022-10-07 13:54:47.487,252,NULL,NULL,NULL
866,V-Channel,684,1,1,1,2022-10-07 13:55:07.753,252,NULL,NULL,NULL
867,Kerb Barrier,939,1,1,1,2022-10-07 13:55:26.973,252,NULL,NULL,NULL
868,Park Bench,678,1,1,1,2022-10-07 13:58:07.743,252,NULL,NULL,NULL
869,Outbuilding (Storeroom),940,1,1,1,2022-10-07 14:05:46.700,252,NULL,NULL,NULL
870,Fence,941,1,1,1,2022-10-07 14:06:01.307,252,NULL,NULL,NULL
871,Jo-Jo Tank,942,1,1,1,2022-10-07 14:06:22.573,252,NULL,NULL,NULL
872,Tank Stand,943,1,1,1,2022-10-07 14:06:42.653,252,NULL,NULL,NULL
873,Sign Electronic: Structure,944,1,1,1,2022-10-07 14:10:54.110,252,NULL,NULL,NULL
874,Pedestrian Gate,941,1,1,1,2022-10-07 14:11:09.963,252,NULL,NULL,NULL
875,Kerb Barrier,945,1,1,1,2022-10-07 14:18:22.220,252,NULL,NULL,NULL
876,Gabions,946,1,1,1,2022-10-07 14:18:47.910,252,NULL,NULL,NULL
877,Hawker Stalls,683,1,1,1,2022-10-07 14:19:27.573,252,NULL,NULL,NULL
878,Kerb Barrier,947,1,1,1,2022-10-07 14:42:29.660,252,NULL,NULL,NULL
879,Hall-Indoor Sport Complex,948,1,1,1,2022-10-07 14:42:42.227,252,NULL,NULL,NULL
880,Walkway,949,1,1,1,2022-10-07 14:42:53.070,252,NULL,NULL,NULL
881,Carport,950,1,1,1,2022-10-07 14:43:19.877,252,NULL,NULL,NULL
882,Flag Pole,524,1,1,1,2022-10-07 14:44:10.153,252,NULL,NULL,NULL
883,Laptop Docking Station,951,0,1,1,2022-10-09 17:04:53.303,251,NULL,NULL,NULL
884,Patch Panel,952,0,1,1,2022-10-09 17:10:15.893,251,NULL,NULL,NULL
885,Fiber Tray,953,0,1,1,2022-10-09 17:14:19.473,251,NULL,NULL,NULL
886,NAS Storage,954,0,1,1,2022-10-09 17:18:17.207,251,NULL,NULL,NULL
887,Proline,955,0,1,1,2022-10-09 17:25:15.710,251,NULL,NULL,NULL
888,Optical Transceiver,956,0,1,1,2022-10-09 18:33:19.253,251,NULL,NULL,NULL
889,Ablution - Change Rooms,957,1,1,1,2022-10-10 07:56:03.743,252,NULL,NULL,NULL
890,Park Bench,958,1,1,1,2022-10-10 08:09:05.183,252,NULL,NULL,NULL
891,Parking,959,1,1,1,2022-10-10 08:25:57.710,252,NULL,NULL,NULL
892,Guardhouse,477,1,1,1,2022-10-10 08:44:31.713,252,NULL,NULL,NULL
893,Pedestrian Gate,508,1,1,1,2022-10-10 08:45:23.463,252,NULL,NULL,NULL
894,Fence,960,1,1,1,2022-10-10 09:13:23.617,252,NULL,NULL,NULL
895,Culturally Significant Buildings,961,1,1,1,2022-10-10 10:10:57.440,252,NULL,NULL,NULL
896,Cenotaph,962,1,1,1,2022-10-10 10:16:29.103,252,NULL,NULL,NULL
897,Air Conditioner,565,0,1,1,2022-11-02 15:12:17.490,199,NULL,NULL,NULL
898,Combo Binder,963,1,1,1,2022-11-02 15:25:28.330,199,NULL,NULL,NULL
899,Shelves,964,0,1,1,2022-11-02 15:25:37.553,199,NULL,NULL,NULL
900,Interactive White Board System - Projector,966,0,1,1,2022-11-02 15:26:16.517,199,NULL,NULL,NULL
901,Haelgeweer Maverick Kal,967,0,1,1,2022-11-02 15:26:25.863,199,NULL,NULL,NULL
902,Haelgeweer Mossberg Kal,968,0,1,1,2022-11-02 15:26:33.710,199,NULL,NULL,NULL
903,Haelgeweer Protecta Kal,969,0,1,1,2022-11-02 15:26:41.780,199,NULL,NULL,NULL
904,Norinco 213 9mmp Pistol,970,0,1,1,2022-11-02 15:26:51.507,199,NULL,NULL,NULL
905,Revolver Taurus 38 Special,971,0,1,1,2022-11-02 15:26:58.917,199,NULL,NULL,NULL
906,Medal,856,1,1,1,2022-11-02 15:49:50.783,199,NULL,NULL,NULL
907,Chain,857,1,1,1,2022-11-02 15:49:59.793,199,NULL,NULL,NULL
908,Security System,972,1,1,1,2022-11-02 15:54:52.317,199,NULL,NULL,NULL
909,Browning Firearm 9mm,368,1,1,1,2022-11-02 15:56:23.970,199,NULL,NULL,NULL
910,Browning Firearm 9mm,973,0,1,1,2022-11-02 16:01:04.057,199,NULL,NULL,NULL
911,Pistol Norinco Kal,974,0,1,1,2022-11-02 16:01:16.943,199,NULL,NULL,NULL
912,Air Conditioner,975,1,1,1,2022-11-02 16:06:36.167,199,NULL,NULL,NULL
913,Norinco Nz 75,976,1,1,1,2022-11-03 08:19:48.807,199,NULL,NULL,NULL
914,Pistol Helwan Kal,977,1,1,1,2022-11-03 08:20:42.573,199,NULL,NULL,NULL
915,Minibus,978,1,1,1,2022-11-03 09:14:45.647,199,NULL,NULL,NULL
916,LDV,979,1,1,1,2022-11-03 09:23:32.847,199,NULL,NULL,NULL
917,Sedan,980,1,1,1,2022-11-03 09:23:41.420,199,NULL,NULL,NULL
918,SUV,981,1,1,1,2022-11-03 09:23:50.713,199,NULL,NULL,NULL
919,Laptop Bag,982,1,1,1,2022-11-03 09:27:28.883,199,NULL,NULL,NULL
920,White Board,965,1,1,1,2022-11-03 09:31:55.407,199,NULL,NULL,NULL
921,AUC,983,1,1,1,2022-11-17 13:19:34.067,199,NULL,NULL,NULL
922,AUC,984,1,1,1,2022-11-17 13:23:53.003,199,NULL,NULL,NULL
923,AUC,985,1,1,1,2022-11-17 13:27:32.870,199,NULL,NULL,NULL
924,AUC,986,1,1,1,2022-11-17 13:30:32.430,199,NULL,NULL,NULL
925,AUC,987,1,1,1,2022-11-17 13:33:00.257,199,NULL,NULL,NULL
926,AUC,988,1,1,1,2022-11-17 13:35:45.530,199,NULL,NULL,NULL
927,AUC,989,1,1,1,2022-11-17 13:37:50.537,199,NULL,NULL,NULL
928,Vacant Land,634,1,1,1,2022-11-17 13:49:02.070,199,NULL,NULL,NULL
929,AUC,990,1,1,1,2022-11-30 08:53:19.480,199,NULL,NULL,NULL
930,AUC,991,1,1,1,2022-11-30 08:57:19.390,199,NULL,NULL,NULL
931,AUC,992,1,1,1,2022-11-30 08:57:25.643,199,NULL,NULL,NULL
932,Other Software,993,0,1,1,2022-11-30 12:42:24.433,199,NULL,NULL,NULL
933,Computer Software,994,0,1,1,2022-11-30 12:42:34.490,199,NULL,NULL,NULL
934,Server Software,995,0,1,1,2022-11-30 12:42:42.493,199,NULL,NULL,NULL
935,Camera-CCTV,996,0,1,1,2023-03-15 15:29:26.933,271,NULL,NULL,NULL
936,Network Video Recorder,997,0,1,1,2023-03-15 15:38:32.480,271,NULL,NULL,NULL
937,Network Video Recorder,998,0,1,1,2023-03-15 15:39:40.107,271,NULL,NULL,NULL
938,Biometric Scanner,997,0,1,1,2023-03-15 15:39:59.097,271,NULL,NULL,NULL
939,Telephone handset,999,0,1,1,2023-08-11 18:00:10.697,271,NULL,NULL,NULL
940,Office Mobile,1000,1,1,1,2023-11-07 20:20:59.953,252,NULL,NULL,NULL
941,Walls,458,1,1,1,2023-11-07 20:22:32.747,252,NULL,NULL,NULL
942,Outbuilding  - Storeroom,445,1,1,1,2023-11-07 20:24:00.453,252,NULL,NULL,NULL
943,Retaining Walls,458,1,1,1,2023-11-07 20:25:20.653,252,NULL,NULL,NULL
944,Park Bench,454,1,1,1,2023-11-07 20:26:15.650,252,NULL,NULL,NULL
945,Flowerbed and Shrub - Trees,454,1,1,1,2023-11-07 20:26:25.547,252,NULL,NULL,NULL
946,Kerb Barrier,1008,1,1,1,2023-11-07 20:50:29.030,252,NULL,NULL,NULL
947,Paved Area,788,0,1,1,2023-11-07 20:51:23.590,252,NULL,NULL,NULL
948,Channel,1009,0,1,1,2023-11-07 20:52:09.743,252,NULL,NULL,NULL
949,V-Channel,1005,1,1,1,2023-11-07 21:15:50.430,252,NULL,NULL,NULL
950,"Pump - Hydraulic ",1006,0,1,1,2023-11-07 21:16:25.980,252,NULL,NULL,NULL
951,"Office Small Urban ",1001,1,1,1,2023-11-07 21:17:00.973,252,NULL,NULL,NULL
952,Honorary Stone,1004,1,1,1,2023-11-07 21:17:24.303,252,NULL,NULL,NULL
953,Town Hall,1003,1,1,1,2023-11-07 21:17:56.433,252,NULL,NULL,NULL
954,K53 Drivers Testing Incline,1007,1,1,1,2023-11-07 21:18:17.393,252,NULL,NULL,NULL
955,Lunar 24 Gps Module,1010,1,1,1,2023-11-08 09:33:32.647,285,NULL,NULL,NULL
956,Gabions,1011,1,1,1,2023-11-08 11:08:57.747,285,NULL,NULL,NULL
957,Blue lamps and siren,1012,0,1,1,2023-11-08 15:22:26.387,339,NULL,NULL,NULL
958,Ablution - Changeroom,1002,1,1,1,2023-11-08 15:33:37.030,252,NULL,NULL,NULL
959,Outdoor Exercise Equipment,1013,1,1,1,2023-11-08 16:27:47.403,285,NULL,NULL,NULL
960,GPS,1014,0,1,1,2023-11-08 19:23:04.543,339,NULL,NULL,NULL
961,Tow Tractor Bell For Grid Roller,1015,0,1,1,2023-11-08 19:24:24.750,339,NULL,NULL,NULL
962,Fire Compression - Control Panel,1016,0,1,1,2023-11-08 19:25:02.740,339,NULL,NULL,NULL
963,Radio 2-Way,1017,0,1,1,2023-11-08 20:06:55.637,339,NULL,NULL,NULL
964,Tow Tractor Bell For Grid Roller,1018,0,1,1,2023-11-08 20:08:49.450,339,NULL,NULL,NULL
965,Road Marking Machine,1019,0,1,1,2023-11-08 20:09:06.427,339,NULL,NULL,NULL
966,Tar - Concrete Cutter Machine,1021,0,1,1,2023-11-08 20:20:24.087,339,NULL,NULL,NULL
967,Backhoe Loader - TLB,1020,0,1,1,2023-11-08 20:20:42.087,339,NULL,NULL,NULL
968,Inflatable ribbon,1022,0,1,1,2023-11-08 20:31:22.223,339,NULL,NULL,NULL
969,Slide,1023,1,1,1,2023-11-08 20:53:44.727,285,NULL,NULL,NULL
970,Swing,1024,1,1,1,2023-11-08 21:00:42.790,285,NULL,NULL,NULL
971,Laptop Bag,1026,0,1,1,2023-11-09 08:08:35.753,339,NULL,NULL,NULL
972,Speedpoint,1027,0,1,1,2023-11-09 08:08:48.790,339,NULL,NULL,NULL
973,See Saw,1025,1,1,1,2023-11-09 08:54:22.163,285,NULL,NULL,NULL
974,Ablution - Change Rooms,1028,1,1,1,2023-11-09 09:03:29.053,285,NULL,NULL,NULL
975,Urban Office,1029,1,1,1,2023-11-09 09:17:08.140,285,NULL,NULL,NULL
976,Urban Office,1030,1,1,1,2023-11-09 09:17:20.760,285,NULL,NULL,NULL
977,Roller Door,1031,1,1,1,2023-11-09 09:44:21.270,285,NULL,NULL,NULL
978,Roller Door,1032,1,1,1,2023-11-09 09:44:31.510,285,NULL,NULL,NULL
979,Pump - Centrifugal,1033,1,1,1,2023-11-09 10:07:07.157,285,NULL,NULL,NULL
980,Starting Block,1034,1,1,1,2023-11-09 10:12:07.797,285,NULL,NULL,NULL
981,Club House,1035,1,1,1,2023-11-09 10:41:55.273,285,NULL,NULL,NULL
982,Timber Deck,527,1,1,1,2023-11-09 10:47:14.603,285,NULL,NULL,NULL
983,Borehole Enclosure,1036,1,1,1,2023-11-09 10:58:11.993,285,NULL,NULL,NULL
984,Pump -Hydraulic,1037,1,1,1,2023-11-09 11:02:31.507,285,NULL,NULL,NULL
985,Filing Shelves,1038,0,1,1,2023-11-09 11:56:13.577,339,NULL,NULL,NULL
986,Trolley - Tea,1039,0,1,1,2023-11-09 11:56:25.037,339,NULL,NULL,NULL
987,Reception Table,1040,0,1,1,2023-11-09 11:57:30.010,339,NULL,NULL,NULL
988,Pistol Safe,1041,0,1,1,2023-11-09 11:59:17.980,339,NULL,NULL,NULL
989,Filer Bay,1042,0,1,1,2023-11-09 11:59:29.023,339,NULL,NULL,NULL
990,Book Shelves,1043,0,1,1,2023-11-09 12:00:38.217,339,NULL,NULL,NULL
991,Filing Cupboard,1044,0,1,1,2023-11-09 12:00:48.667,339,NULL,NULL,NULL
992,Telephone Handset,1045,0,1,1,2023-11-09 12:16:18.493,339,NULL,NULL,NULL
993,Light Box,1046,0,1,1,2023-11-09 12:16:34.780,339,NULL,NULL,NULL
994,Roadearthworks,703,1,1,1,2023-11-09 14:45:09.680,285,NULL,NULL,NULL
995,Rubbish Bin,482,1,1,1,2023-11-09 15:06:27.850,285,NULL,NULL,NULL
996,Guardhouse,476,1,1,1,2023-11-09 15:12:17.563,285,NULL,NULL,NULL
997,Walkway,1047,1,1,1,2023-11-09 15:16:14.040,285,NULL,NULL,NULL
998,Toilets,476,1,1,1,2023-11-09 15:17:34.990,285,NULL,NULL,NULL
999,Ablution Block,683,1,1,1,2023-11-09 15:18:33.920,285,NULL,NULL,NULL
1000,Sliding Gate,428,1,1,1,2023-11-09 15:24:42.847,285,NULL,NULL,NULL
1001,Pedestrian Gate,428,1,1,1,2023-11-09 15:27:39.703,285,NULL,NULL,NULL
1002,Handrails,1048,1,1,1,2023-11-09 15:31:53.923,285,NULL,NULL,NULL
1003,Parking,1049,1,1,1,2023-11-09 15:44:11.760,285,NULL,NULL,NULL
1004,Channel,685,1,1,1,2023-11-09 15:50:52.643,285,NULL,NULL,NULL
1005,Channel,1050,1,1,1,2023-11-09 15:53:01.080,285,NULL,NULL,NULL
1006,Sign Electronic-Structure,944,1,1,1,2023-11-09 15:55:16.003,285,NULL,NULL,NULL
1007,Lapa,686,1,1,1,2023-11-09 15:58:54.840,285,NULL,NULL,NULL
1008,Boreholes,1051,1,1,1,2023-11-09 16:04:33.423,285,NULL,NULL,NULL
1009,Gabions,1054,1,1,1,2023-11-09 16:10:33.137,285,NULL,NULL,NULL
1010,Cenotaph,1055,0,1,1,2023-11-09 16:12:30.880,251,NULL,NULL,NULL
1011,Ablution Block,1057,1,1,1,2023-11-09 16:19:44.837,285,NULL,NULL,NULL
1012,Flood Light,1052,1,1,1,2023-11-09 16:29:05.157,252,NULL,NULL,NULL
1013,Pump,1053,1,1,1,2023-11-09 16:29:24.577,252,NULL,NULL,NULL
1014,Paved Area,439,1,1,1,2023-11-09 16:30:06.167,252,NULL,NULL,NULL
1015,Storeroom,434,1,1,1,2023-11-09 16:31:24.463,252,NULL,NULL,NULL
1016,Dwelling Normal Size House,636,1,1,1,2023-11-09 16:32:08.123,252,NULL,NULL,NULL
1017,Hall,638,1,1,1,2023-11-09 16:32:33.837,252,NULL,NULL,NULL
1018,Sign Electronic Led,1058,1,1,1,2023-11-09 16:36:49.820,339,NULL,NULL,NULL
1019,Unpaved Road Reval,738,1,1,1,2024-02-29 09:25:25.587,199,NULL,NULL,0
1020,Unpaved Road Reval 2,738,1,1,1,2024-02-29 10:30:27.097,199,NULL,NULL,0
1021,Pump (Hydraulic),1059,1,1,1,2024-04-15 06:41:41.697,562,NULL,NULL,0
1022,Paved Area,1060,1,1,1,2024-04-15 09:34:49.503,562,NULL,NULL,0
1023,Land,1061,1,1,1,2024-04-15 11:18:33.977,562,NULL,NULL,0
1024,Megaphone Handheld,1062,0,1,1,2024-04-15 13:46:52.863,562,NULL,NULL,0
1025,Loud Hailer,1063,0,1,1,2024-04-15 13:48:59.507,562,NULL,NULL,0
1026,Water Pump Machine,1064,1,1,1,2024-04-15 16:39:38.597,562,NULL,NULL,0
1027,Honorary Stone,1065,1,1,1,2024-04-15 16:41:40.087,562,NULL,NULL,0
1028,Kerb Barrier,1066,1,1,1,2024-04-15 16:49:19.510,562,NULL,NULL,0
1029,Retaining Wall,1067,1,1,1,2024-04-15 16:55:07.753,562,NULL,NULL,0
1030,Channel,1068,1,1,1,2024-04-15 16:57:43.207,562,NULL,NULL,0
1031,Halls,1069,1,1,1,2024-04-15 17:53:52.717,562,NULL,NULL,0
1032,Swimming Pool Starting Block,1070,1,1,1,2024-04-15 17:56:14.173,562,NULL,NULL,0
1033,Small Urban Office,1071,1,1,1,2024-04-15 18:06:12.070,562,NULL,NULL,0
1034,Roller Door,1072,1,1,1,2024-04-15 18:14:26.143,562,NULL,NULL,0
1035,Roller Door,1073,1,1,1,2024-04-15 18:14:38.003,562,NULL,NULL,0
1036,Pavement,1074,1,1,1,2024-04-15 18:22:47.780,562,NULL,NULL,0
1037,Pavement,1075,1,1,1,2024-04-15 18:25:16.577,562,NULL,NULL,0
1038,Boreholes,1076,1,1,1,2024-04-15 18:38:27.447,562,NULL,NULL,0
1039,Boreholes,1077,1,1,1,2024-04-15 18:38:37.553,562,NULL,NULL,0
1040,Borehole Enclosure,1078,1,1,1,2024-04-15 18:55:12.913,562,NULL,NULL,0
1041,Water Pump Machine,1079,1,1,1,2024-04-15 19:01:05.100,562,NULL,NULL,0
1042,House,1084,1,1,1,2024-04-19 14:13:55.470,562,NULL,NULL,0
1043,Operational Buildings,1085,1,1,1,2024-04-19 14:14:19.740,562,NULL,NULL,0
1044,Sports Ground,1081,1,1,1,2024-04-19 14:15:46.333,562,NULL,NULL,0
1045,High Mast Light,1087,1,1,1,2024-04-19 14:42:35.143,562,NULL,NULL,0
1046,Roads,1086,1,1,1,2024-04-19 14:42:47.647,562,NULL,NULL,0
1047,Animal Pound,1088,1,1,1,2024-04-19 14:46:50.857,562,NULL,NULL,0
1048,Operational Buildings,1089,1,1,1,2024-04-19 14:56:31.707,562,NULL,NULL,0
1049,HP Probook 450 G10 (IS),1090,0,1,1,2024-04-19 16:09:11.583,562,NULL,NULL,0
1050,HP Probook 450 G11 (IS),1091,0,1,1,2024-04-19 16:09:22.640,562,NULL,NULL,0
1051,HP Probook 450 G12 (IS),1092,0,1,1,2024-04-19 16:09:31.333,562,NULL,NULL,0
1052,HP Probook 450 G13 (IS),1093,0,1,1,2024-04-19 16:09:39.840,562,NULL,NULL,0
1053,Television,1094,0,1,1,2024-04-19 16:13:31.940,562,NULL,NULL,0
1054,Water Separation,1095,0,1,1,2024-04-19 16:13:40.820,562,NULL,NULL,0
1055,Shredder Machine,1096,0,1,1,2024-04-19 16:13:49.163,562,NULL,NULL,0
1056,Gazebo,1097,0,1,1,2024-04-19 16:13:58.290,562,NULL,NULL,0
1057,Furrow,1098,0,1,1,2024-04-19 16:14:05.857,562,NULL,NULL,0
1058,Compactor truck,1099,0,1,1,2024-04-19 16:14:13.600,562,NULL,NULL,0
1059,Road Sweeper,1100,0,1,1,2024-04-19 16:14:25.620,562,NULL,NULL,0
1060,Jump Starter,1101,0,1,1,2024-04-19 16:14:34.820,562,NULL,NULL,0
1061,Hydraulic Jack,1102,0,1,1,2024-04-19 16:14:46.687,562,NULL,NULL,0
1062,Laptop,1103,0,1,1,2024-04-19 17:16:44.573,562,NULL,NULL,0
1063,Printer,1104,0,1,1,2024-04-19 17:16:52.617,562,NULL,NULL,0
1064,Table,1115,0,1,1,2024-04-19 17:26:34.153,562,NULL,NULL,0
1065,Voice Recorder,1114,0,1,1,2024-04-19 17:26:42.570,562,NULL,NULL,0
1066,Airconditioner,1113,0,1,1,2024-04-19 17:26:51.870,562,NULL,NULL,0
1067,Projector,1112,0,1,1,2024-04-19 17:27:00.607,562,NULL,NULL,0
1068,Fridge,1111,0,1,1,2024-04-19 17:27:08.837,562,NULL,NULL,0
1069,Microwave,1110,0,1,1,2024-04-19 17:27:18.910,562,NULL,NULL,0
1070,Chair,1109,0,1,1,2024-04-19 17:27:27.613,562,NULL,NULL,0
1071,Grader,1108,0,1,1,2024-04-19 17:27:37.213,562,NULL,NULL,0
1072,Chain Saw,1105,0,1,1,2024-04-19 17:37:56.813,562,NULL,NULL,0
1073,Chair High Back,1116,0,1,1,2024-04-19 17:39:45.297,562,NULL,NULL,0
1074,"Concrete Cutter Machine ",1107,0,1,1,2024-04-19 17:42:18.607,562,NULL,NULL,0
1075,Excavator,1106,0,1,1,2024-04-19 17:42:37.033,562,NULL,NULL,0
1076,Camera,996,0,1,1,2024-04-19 17:44:07.840,562,NULL,NULL,0
1077,Camera,1117,0,1,1,2024-04-19 17:47:53.917,562,NULL,NULL,0
1078,SUV,1118,0,1,1,2024-04-19 17:51:52.953,562,NULL,NULL,0
1079,TV Monitor,1119,0,1,1,2024-07-12 16:31:37.233,271,NULL,NULL,0
1080,Mobile Devices,1120,0,1,1,2024-07-12 16:47:18.480,271,NULL,NULL,0
1081,Biometric,1121,0,1,1,2024-10-07 15:45:50.153,199,NULL,NULL,0
1082,Camera Set,1122,0,1,1,2024-10-07 15:46:04.747,199,NULL,NULL,0
1083,Car Siren,1123,0,1,1,2024-10-07 15:46:19.557,199,NULL,NULL,0
1084,CCTV NVR,1124,0,1,1,2024-10-07 15:46:27.307,199,NULL,NULL,0
1085,Document Sealer,1125,0,1,1,2024-10-07 15:46:40.447,199,NULL,NULL,0
1086,Dot Matrix Flatbed Printer,1126,0,1,1,2024-10-07 15:46:51.937,199,NULL,NULL,0
1087,Foldable Table,1127,0,1,1,2024-10-07 15:47:04.570,199,NULL,NULL,0
1088,Microphone Switchboard,1128,0,1,1,2024-10-07 15:47:21.937,199,NULL,NULL,0
1089,Network Cabinet,1129,0,1,1,2024-10-07 15:47:37.380,199,NULL,NULL,0
1090,Smart TV Screen,1130,0,1,1,2024-10-07 15:47:54.200,199,NULL,NULL,0
1091,Decoder,1131,0,1,1,2024-10-07 15:48:07.527,199,NULL,NULL,0
1092,Vehicle Jump Start,1132,0,1,1,2024-10-07 15:48:21.423,199,NULL,NULL,0
1093,Digital Camera,1133,0,1,1,2024-10-07 15:53:26.190,199,NULL,NULL,0
1094,Office Post Box,1134,0,1,1,2024-10-07 16:01:06.923,199,NULL,NULL,0
1095,Bucket and Wringer,1135,0,1,1,2024-10-07 16:10:58.800,199,NULL,NULL,0
1096,Filer Bulk 9 Bay,1136,0,1,1,2024-10-07 16:11:08.657,199,NULL,NULL,0
1097,Media Portable Player,1137,0,1,1,2024-10-07 16:11:16.690,199,NULL,NULL,0
1098,Reception Desk,1138,0,1,1,2024-10-07 16:11:24.497,199,NULL,NULL,0
1099,Wireless Microphone System,1139,0,1,1,2024-10-07 16:11:32.730,199,NULL,NULL,0
1100,Cabinet Battery Box,1140,0,1,1,2024-10-07 16:23:22.403,199,NULL,NULL,0
1101,Smart TV Screen,1141,0,1,1,2024-10-07 16:23:37.763,199,NULL,NULL,0
1102,Gazebo,1142,0,1,1,2024-10-07 16:23:45.607,199,NULL,NULL,0
1103,Mobile Devices,1143,0,1,1,2024-10-07 16:23:55.153,199,NULL,NULL,0
1104,Road Sweeper,1144,0,1,1,2024-10-07 16:29:33.137,199,NULL,NULL,0
1105,Dwelling Low Cost Housing,1145,1,1,1,2024-10-07 18:27:44.277,199,NULL,NULL,0
1106,Dwelling Normal Size House,1146,1,1,1,2024-10-07 18:27:54.363,199,NULL,NULL,0
1107,Braai,1147,1,1,1,2024-10-07 18:33:37.807,199,NULL,NULL,0
1108,Boom Gate Manual,1148,1,1,1,2024-10-07 18:33:51.790,199,NULL,NULL,0
1109,Land,1149,1,1,1,2024-10-07 18:34:01.650,199,NULL,NULL,0
1110,Horse Racing Field,1150,1,1,1,2024-10-07 18:42:03.740,199,NULL,NULL,0
1111,Netball Court,1151,1,1,1,2024-10-07 18:42:10.573,199,NULL,NULL,0
1112,Rugby Field,1152,1,1,1,2024-10-07 18:42:17.143,199,NULL,NULL,0
1113,Sport Facility,1153,1,1,1,2024-10-07 18:42:23.640,199,NULL,NULL,0
1114,Football (Soccer) Pitch,1154,1,1,1,2024-10-07 18:42:31.013,199,NULL,NULL,0
1115,Swimming Pool,1155,1,1,1,2024-10-07 18:42:38.610,199,NULL,NULL,0
1116,Animal Pound,1156,1,1,1,2024-10-07 18:56:24.477,199,NULL,NULL,0
1117,Buildings,1157,1,1,1,2024-10-07 18:56:54.633,199,NULL,NULL,0
1118,Bullet Proof Windows,1158,1,1,1,2024-10-07 18:57:25.000,199,NULL,NULL,0
1119,Flag Pole,1159,1,1,1,2024-10-07 18:57:44.983,199,NULL,NULL,0
1120,Kerb Edge,1160,1,1,1,2024-10-07 18:58:10.137,199,NULL,NULL,0
1121,Park Bench,1161,1,1,1,2024-10-07 18:58:34.590,199,NULL,NULL,0
1122,Parks,1162,1,1,1,2024-10-07 18:58:54.810,199,NULL,NULL,0
1123,PPE Developed Land,1163,1,1,1,2024-10-07 18:59:08.860,199,NULL,NULL,0
1124,PPE Undeveloped Land,1164,1,1,1,2024-10-07 18:59:16.963,199,NULL,NULL,0
1125,Roads,1165,1,1,1,2024-10-07 18:59:45.847,199,NULL,NULL,0
1126,Turnstiles,1166,1,1,1,2024-10-07 19:00:01.053,199,NULL,NULL,0
1127,Golf Course,1167,1,1,1,2024-10-07 19:10:03.160,199,NULL,NULL,0
1128,Softball Field,1168,1,1,1,2024-10-07 19:10:10.967,199,NULL,NULL,0
1129,Tennis Court,1169,1,1,1,2024-10-07 19:10:17.953,199,NULL,NULL,0
1130,Outdoor Exercise Equipment,1170,1,1,1,2024-10-07 19:16:44.337,199,NULL,NULL,0
1131,Football and Rugby Posts Combination,530,1,1,1,2024-10-07 19:17:22.373,199,NULL,NULL,0
1132,Internal Road,1171,1,1,1,2024-10-07 19:26:01.637,199,NULL,NULL,0
1133,Horse Racing Field,1172,1,1,1,2024-10-07 19:26:12.217,199,NULL,NULL,0
1134,Pedestrian Gate,678,1,1,1,2024-10-07 19:27:19.487,199,NULL,NULL,0
1135,Speed Hump,1173,1,1,1,2024-10-07 19:42:31.093,199,NULL,NULL,0
1136,V-Channel,1068,1,1,1,2024-10-07 19:43:44.687,199,NULL,NULL,0
1137,Pump (Hydraulic),1174,1,1,1,2024-10-07 19:47:33.417,199,NULL,NULL,0
1138,Sign Electronic: Structure,1175,1,1,1,2024-10-07 19:50:01.980,199,NULL,NULL,0
1139,Ablution - Change Rooms,1176,1,1,1,2024-10-07 19:53:42.573,199,NULL,NULL,0
1140,Pavements,672,1,1,1,2024-10-07 19:55:32.393,199,NULL,NULL,0
1141,Dwelling Flats,1177,1,1,1,2024-10-07 20:00:11.297,199,NULL,NULL,0
1142,Community Hall,1178,1,1,1,2024-10-07 20:08:56.470,199,NULL,NULL,0
1143,Railing - Handrails,1179,1,1,1,2024-10-07 20:09:08.690,199,NULL,NULL,0
1144,Pump (Hydraulic),1180,1,1,1,2024-10-07 20:09:25.927,199,NULL,NULL,0
1145,VIP Toilets,477,1,1,1,2024-10-07 20:09:58.417,199,NULL,NULL,0
1146,Street Light,1181,1,1,1,2024-10-07 20:12:51.830,199,NULL,NULL,0
1147,Culvert Bridge,732,1,1,1,2024-10-07 20:17:27.693,199,NULL,NULL,0
1148,Paving,1182,1,1,1,2024-10-07 20:21:20.303,199,NULL,NULL,0
1149,Toilets,1183,1,1,1,2024-10-07 20:27:40.697,199,NULL,NULL,0
1150,Wall,678,1,1,1,2024-10-07 20:29:18.950,199,NULL,NULL,0
1151,Tank Stand,1184,1,1,1,2024-10-07 20:32:36.027,199,NULL,NULL,0
1152,Jo-Jo Tank,1185,1,1,1,2024-10-07 20:35:08.730,199,NULL,NULL,0
1153,Ablution - Change Rooms,1186,1,1,1,2024-10-07 20:39:54.923,199,NULL,NULL,0
1154,Culvert Pipe,1187,1,1,1,2024-10-07 20:42:24.873,199,NULL,NULL,0
1155,Walkway,1188,1,1,1,2024-10-07 20:44:42.953,199,NULL,NULL,0
1156,Rubbish Bin,958,1,1,1,2024-10-07 20:47:28.350,199,NULL,NULL,0
1157,Catchpit,1189,1,1,1,2024-10-07 20:51:24.720,199,NULL,NULL,0
1158,Outbuilding (Storeroom),1183,1,1,1,2024-10-07 20:52:15.957,199,NULL,NULL,0
1159,Paved Area,1190,1,1,1,2024-10-07 20:55:54.313,199,NULL,NULL,0
1160,Swivel Gate,678,1,1,1,2024-10-07 20:58:03.233,199,NULL,NULL,0
1161,Handrails,1191,1,1,1,2024-10-07 21:00:22.580,199,NULL,NULL,0
1162,Flood Light,1192,1,1,1,2024-10-07 21:02:45.817,199,NULL,NULL,0
1163,Roller Door,1193,1,1,1,2024-10-07 21:04:43.423,199,NULL,NULL,0
1164,Footpath,1194,1,1,1,2024-10-07 21:06:45.023,199,NULL,NULL,0
1165,Kerb Barrier,1195,1,1,1,2024-10-07 21:08:58.220,199,NULL,NULL,0
1166,V-Channel,1196,1,1,1,2024-10-07 21:11:03.197,199,NULL,NULL,0
1167,Braai,958,1,1,1,2024-10-07 21:19:18.693,199,NULL,NULL,0
1168,Office Block,1197,1,1,1,2024-10-07 21:19:51.963,199,NULL,NULL,0
1169,Parking,1198,1,1,1,2024-10-07 21:19:59.033,199,NULL,NULL,0
1170,Pump - Centrifugal,1199,1,1,1,2024-10-07 21:20:07.050,199,NULL,NULL,0
1171,Pump Station Building,1200,1,1,1,2024-10-07 21:20:16.350,199,NULL,NULL,0
1172,Guardhouse,1183,1,1,1,2024-10-07 21:21:34.300,199,NULL,NULL,0
1173,Retaining Wall,1201,1,1,1,2024-10-07 21:24:37.200,199,NULL,NULL,0
1174,Channel,1196,1,1,1,2024-10-07 21:25:03.343,199,NULL,NULL,0
1175,Internal Road,1202,1,1,1,2024-10-07 21:28:11.720,199,NULL,NULL,0
1176,Veranda,1203,1,1,1,2024-10-07 21:30:31.370,199,NULL,NULL,0
1177,Ballade Poles,1204,1,1,1,2024-10-07 21:33:25.630,199,NULL,NULL,0
1178,Clearview Fence,458,1,1,1,2024-10-07 21:33:53.737,199,NULL,NULL,0
1179,Parking,1205,1,1,1,2024-10-07 21:39:51.490,199,NULL,NULL,0
1180,Pump - Centrifugal,1206,1,1,1,2024-10-07 21:39:59.607,199,NULL,NULL,0
1181,Palisade Fence,1207,1,1,1,2024-10-07 21:40:09.420,199,NULL,NULL,0
1182,Sliding Gate,1207,1,1,1,2024-10-07 21:41:10.043,199,NULL,NULL,0
1183,Fence,1207,1,1,1,2024-10-07 21:41:58.773,199,NULL,NULL,0
1184,Pedestrian Gate,1207,1,1,1,2024-10-07 21:42:34.117,199,NULL,NULL,0
1185,Walkway,1208,1,1,1,2024-10-07 21:50:53.257,199,NULL,NULL,0
1186,Retaining Wall,1209,1,1,1,2024-10-07 21:51:00.977,199,NULL,NULL,0
1187,Park Table,1210,1,1,1,2024-10-07 21:51:09.853,199,NULL,NULL,0
1188,Office Block,1211,1,1,1,2024-10-07 21:51:18.053,199,NULL,NULL,0
1189,Sign - Information,1212,1,1,1,2024-10-07 21:51:26.910,199,NULL,NULL,0
1190,Club House,1213,1,1,1,2024-10-07 21:51:40.453,199,NULL,NULL,0
1191,Street Light,1214,1,1,1,2024-10-07 22:15:35.083,199,NULL,NULL,0
1192,Paving,1215,1,1,1,2024-10-07 22:29:05.797,199,NULL,NULL,0
1193,Toilets,1186,1,1,1,2024-10-07 22:31:37.840,199,NULL,NULL,0
1194,Outbuilding (Storeroom),1203,1,1,1,2024-10-07 22:35:26.190,199,NULL,NULL,0
1195,Guardhouse,1203,1,1,1,2024-10-07 22:35:35.817,199,NULL,NULL,0
1196,Sport Facility,792,1,1,1,2024-10-09 12:07:14.817,199,NULL,NULL,0
1197,Fence,1089,1,1,1,2024-12-11 14:05:35.747,271,NULL,NULL,0
1198,Clearview Fence,527,1,1,1,2025-02-03 16:29:59.047,271,NULL,NULL,0
1199,Building Roof,686,1,1,1,2025-02-03 17:47:51.840,271,NULL,NULL,0
1200,Building Wall,686,1,1,1,2025-02-03 17:48:41.703,271,NULL,NULL,0
1201,Drone,1216,0,1,1,2025-02-17 11:28:46.703,271,NULL,NULL,0
1202,General buildings and open spaces,704,1,1,1,2025-02-26 10:29:21.267,271,NULL,NULL,0
1203,Earthworks,1218,1,1,1,2025-02-26 13:51:33.923,271,NULL,NULL,0
1204,Community Assets,1219,1,1,1,2025-03-12 08:23:06.090,271,NULL,NULL,0
1205,Firearms,1220,0,1,1,2025-06-02 06:12:21.883,271,NULL,NULL,0
1206,Buildings,1221,1,1,1,2025-11-11 16:15:22.527,271,NULL,NULL,0
1207,Outdoor Furniture,1222,1,1,1,2025-11-11 16:52:33.840,271,NULL,NULL,0
