Contract_ID,ContractNumber,ContractDescription,TenderQuotation,TenderQuotationID,ContractManagerID,ServiceTypeID,VoteID,OrderNumber,Contractvalue,PlannedStartDate,PlannedEndDate,RevisedStartDate,RevisedEndDate,ActualStartDate,ActualEndDate,Enabled,DateCaptured,CapturerID,DateModified,ModifierID,FinancialYear,ContractStatusId,Comments,QuantityDriven,VendorID,ProcurementID,RetentionIndicator,RetentionRate,ContractTypeID,CurrentPeriodCommitment,InvoicedAmount,RevisedContractValue,ContractType_ID,Status_ID,Milestone_ID,VariationLimitID,DebitOrderRef,DebitOrderExpiryDate,IsVoid,VoidedDate,VoidedReason,VoidedBy,ReferenceToID,RetentionStartDate,RetentionEndDate,PayCertificateRequired,LoanRegisterID,LoanContract,GuaranteeRate,GuaranteeRateStartDate,GuaranteeRateEndDate,GuaranteeQuantityDriven,GuaranteeIndicator,SocialResponsibilityIndicator,SocialResponsibilityRate,TotalRetentionReleased,TotalRetentionRetained,TotalGuaranteeReleased,TotalGuaranteeRetained,PreviousContractID,FinalApprovedBy,FinalApprovedDate,PanelOfVendors,TotalRetentionWithholding,TotalGuaranteeWithholding,isContractTakeOn
740,C28/7/741/2025-2026,Construction of Xhobeni via Maqoma Access Road,1,780,297,1,NULL,Ord20220311_0000432,7726836.00,2025-07-28 00:00:00.000,2026-01-31 00:00:00.000,NULL,NULL,NULL,NULL,1,2025-07-28 15:07:48.317,240,2026-02-11 14:36:18.020,664,2025/2026,3059,,0,5236,NULL,1,0.10,NULL,NULL,NULL,NULL,1,NULL,NULL,NULL,,NULL,NULL,NULL,NULL,NULL,1,2025-07-28 00:00:00.000,2026-02-28 00:00:00.000,0,NULL,0,0.05,2026-03-01 00:00:00.000,2026-05-30 00:00:00.000,0,1,0,NULL,772683.58,901349.34,386341.77,450674.65,NULL,1676,2025-07-28 15:08:13.467,5236,NULL,NULL,NULL
741,C28/7/742/2025-2026,Construction of Huku to Njingini Access Road,1,778,297,1,NULL,NULL,8034336.00,2025-07-28 00:00:00.000,2026-02-28 00:00:00.000,NULL,NULL,NULL,NULL,1,2025-07-28 15:37:51.393,240,2025-12-11 10:18:54.670,663,2025/2026,3059,,0,5288,NULL,1,0.10,NULL,NULL,NULL,NULL,1,NULL,NULL,NULL,,NULL,NULL,NULL,NULL,NULL,1,2025-07-28 00:00:00.000,2026-06-16 00:00:00.000,0,NULL,0,0.05,2026-03-01 00:00:00.000,2026-05-28 00:00:00.000,0,1,0,NULL,401716.78,987679.94,401716.79,493839.98,NULL,1676,2025-07-28 15:38:15.767,5288,NULL,NULL,NULL
742,C28/7/743/2025-2026,"Construction of Sivanga, Matshangeneni via Jojweni to Majamaneni Access Road",1,776,297,1,NULL,NULL,5667252.00,2025-07-28 00:00:00.000,2026-01-31 00:00:00.000,NULL,NULL,NULL,NULL,1,2025-07-28 15:58:06.900,240,2026-03-03 15:39:47.687,663,2025/2026,3059,,0,1135,NULL,1,0.10,NULL,NULL,NULL,NULL,1,NULL,NULL,NULL,,NULL,NULL,NULL,NULL,NULL,1,2025-12-01 00:00:00.000,2026-01-31 00:00:00.000,0,NULL,0,0.05,2026-04-01 00:00:00.000,2026-06-30 00:00:00.000,0,1,0,NULL,NULL,509520.66,NULL,254760.34,NULL,1676,2025-07-28 15:58:49.133,1135,NULL,NULL,NULL
743,C29/7/744/2025-2026,Construction of Nciba Access Road Phase2,1,781,297,1,NULL,NULL,7008682.00,2025-07-29 00:00:00.000,2026-02-28 00:00:00.000,NULL,NULL,NULL,NULL,1,2025-07-29 10:08:25.173,240,2025-11-17 16:36:21.470,663,2025/2026,3059,,0,979,NULL,1,0.10,NULL,NULL,NULL,NULL,1,NULL,NULL,NULL,,NULL,NULL,NULL,NULL,NULL,1,2025-07-29 00:00:00.000,2026-03-31 00:00:00.000,0,NULL,0,0.05,2026-04-01 00:00:00.000,2026-02-28 00:00:00.000,0,1,0,NULL,350434.09,700868.20,350434.09,350434.09,NULL,1676,2025-07-29 10:09:00.287,979,NULL,NULL,NULL
744,C29/7/745/2025-2026,Paving of Centane Internal Streets,1,782,297,1,NULL,NULL,8962271.00,2025-07-29 00:00:00.000,2026-04-30 00:00:00.000,NULL,NULL,NULL,NULL,1,2025-07-29 11:32:58.027,240,2026-01-26 16:01:42.680,194,2025/2026,3059,,0,1959,NULL,1,0.10,NULL,NULL,NULL,NULL,1,NULL,NULL,NULL,,NULL,NULL,NULL,NULL,NULL,1,2025-07-29 00:00:00.000,2026-05-31 00:00:00.000,0,NULL,0,0.05,2026-06-01 00:00:00.000,2026-08-31 00:00:00.000,0,1,0,NULL,NULL,765381.93,NULL,382690.99,NULL,1676,2025-07-29 11:33:24.040,1959,NULL,NULL,NULL
745,C29/7/746/2025-2026,Erection and Refurbishment of Ext 2 Streetlights,1,783,16,1,NULL,NULL,4823691.00,2025-07-29 00:00:00.000,2026-03-31 00:00:00.000,NULL,NULL,NULL,NULL,1,2025-07-29 12:02:14.190,240,2026-03-03 11:38:59.760,663,2025/2026,3059,,0,1364,NULL,1,0.10,NULL,NULL,NULL,NULL,1,NULL,NULL,NULL,,NULL,NULL,NULL,NULL,NULL,1,2025-09-30 00:00:00.000,2026-05-31 00:00:00.000,0,NULL,0,0.05,2025-09-30 00:00:00.000,2026-04-30 00:00:00.000,0,1,0,NULL,NULL,622398.36,NULL,311199.19,NULL,1676,2025-07-29 12:03:03.163,1364,NULL,NULL,NULL
746,C29/7/747/2025-2026,Construction of Jan Nomjana Access Road,1,777,297,1,NULL,NULL,5873342.00,2025-07-29 00:00:00.000,2026-02-01 00:00:00.000,NULL,NULL,NULL,NULL,1,2025-07-29 12:12:46.093,240,2026-02-18 10:33:56.750,80,2025/2026,3059,,0,176,NULL,1,0.10,NULL,NULL,NULL,NULL,1,NULL,NULL,NULL,,NULL,NULL,NULL,NULL,NULL,1,2025-07-29 00:00:00.000,2026-04-30 00:00:00.000,0,NULL,0,0.05,2026-05-01 00:00:00.000,2026-07-31 00:00:00.000,0,1,0,NULL,NULL,624116.51,NULL,312058.24,NULL,1676,2025-07-29 12:13:16.597,176,NULL,NULL,NULL
747,C29/7/748/2025-2026,Paving of Ibika Internal Streets,1,784,297,5,NULL,NULL,15500787.00,2025-07-29 00:00:00.000,2026-03-31 00:00:00.000,NULL,NULL,NULL,NULL,1,2025-07-29 12:36:29.170,240,2026-03-03 12:27:23.997,663,2025/2026,3059,,0,1327,NULL,1,0.10,NULL,NULL,NULL,NULL,1,NULL,NULL,NULL,,NULL,NULL,NULL,NULL,NULL,1,2026-05-01 00:00:00.000,2026-06-06 00:00:00.000,0,NULL,0,0.05,2026-06-01 00:00:00.000,2026-09-30 00:00:00.000,0,1,0,NULL,NULL,1305222.99,NULL,652611.51,NULL,1676,2025-07-29 12:37:39.373,1327,NULL,NULL,NULL
751,C4/8/752/2025-2026,Construction of New Mnquma Local Municipality offices,1,789,1453,1,NULL,NULL,59405232.00,2025-08-04 00:00:00.000,2025-11-30 00:00:00.000,NULL,NULL,NULL,NULL,1,2025-08-04 11:35:13.333,240,2026-03-03 11:52:07.773,663,2025/2026,3059,,0,5290,NULL,1,0.05,NULL,NULL,NULL,NULL,1,NULL,NULL,NULL,,NULL,NULL,NULL,NULL,NULL,1,2025-08-04 00:00:00.000,2026-01-30 00:00:00.000,0,NULL,0,NULL,NULL,NULL,NULL,0,0,NULL,NULL,2172017.94,0.00,0.00,NULL,1676,2025-08-04 11:35:38.203,5290,NULL,NULL,NULL
753,C4/8/754/2025-2026,Procurement of Internet Connectivity VPN VOPI Mail security,NULL,441,482,5,NULL,NULL,165310.00,2025-08-04 00:00:00.000,2025-11-30 00:00:00.000,NULL,NULL,NULL,NULL,1,2025-08-04 16:24:55.990,240,2025-08-04 17:27:51.180,80,2025/2026,3059,,0,1738,NULL,0,NULL,NULL,NULL,NULL,NULL,1,NULL,NULL,NULL,,NULL,NULL,NULL,NULL,NULL,3,NULL,NULL,0,NULL,0,NULL,NULL,NULL,NULL,0,0,NULL,0.00,0.00,0.00,0.00,NULL,1676,2025-08-04 16:25:20.640,1738,NULL,NULL,NULL
761,C7/8/762/2025-2026,Rehabilitation of Jojweni to Mzitheni Access Road,1,797,297,1,NULL,Ord20220324_0000454,8178411.00,2025-08-07 00:00:00.000,2026-05-31 00:00:00.000,NULL,NULL,NULL,NULL,1,2025-08-07 15:44:07.153,240,2025-12-12 14:00:38.627,663,2025/2026,3059,,0,170,NULL,1,0.10,NULL,NULL,NULL,NULL,1,NULL,NULL,NULL,,NULL,NULL,NULL,NULL,NULL,1,2025-08-07 00:00:00.000,2026-03-31 00:00:00.000,0,NULL,0,0.05,2026-06-01 00:00:00.000,2026-07-01 00:00:00.000,0,1,0,NULL,396070.15,1364718.49,396070.15,682359.24,NULL,1676,2025-08-07 15:44:48.127,170,NULL,NULL,NULL
762,C8/8/763/2025-2026,Refurbishment of Msobomvu Hall,1,798,1453,5,NULL,NULL,5197231.00,2025-08-08 00:00:00.000,2025-12-31 00:00:00.000,NULL,NULL,NULL,NULL,1,2025-08-08 13:03:56.393,240,2026-03-03 13:57:10.723,663,2025/2026,3059,,0,1492,NULL,1,0.10,NULL,NULL,NULL,NULL,1,NULL,NULL,NULL,,NULL,NULL,NULL,NULL,NULL,1,2025-08-08 00:00:00.000,2026-01-02 00:00:00.000,0,NULL,0,0.05,2026-02-04 00:00:00.000,2026-04-03 00:00:00.000,0,1,0,NULL,388795.62,474057.96,388795.62,237028.97,NULL,1676,2025-08-08 13:04:32.017,1492,NULL,NULL,NULL
763,C8/8/764/2025-2026,"Planning, design and project management of new Mnquma Municipal Offices, guard house, parking, platform levelling and fencing on ERF 165 in Butterworth",1,799,1453,1,NULL,NULL,594768.01,2025-08-08 00:00:00.000,2026-03-31 00:00:00.000,NULL,NULL,NULL,NULL,1,2025-08-08 13:40:37.103,240,2025-10-30 11:40:02.303,80,2025/2026,3059,,0,1997,NULL,0,NULL,NULL,NULL,NULL,NULL,1,NULL,NULL,NULL,,NULL,NULL,NULL,NULL,NULL,1,NULL,NULL,0,NULL,0,NULL,NULL,NULL,NULL,0,0,NULL,0.00,0.00,0.00,0.00,NULL,1676,2025-08-08 13:43:09.657,1997,NULL,NULL,NULL
766,C11/8/767/2025-2026,Fencing of Animal Pound,1,802,297,1,NULL,NULL,1113652.00,2025-08-11 00:00:00.000,2025-11-30 00:00:00.000,NULL,NULL,NULL,NULL,1,2025-08-11 15:34:59.377,240,2025-09-30 16:20:17.857,293,2025/2026,3059,,0,1959,NULL,1,0.10,NULL,NULL,NULL,NULL,1,NULL,NULL,NULL,,NULL,NULL,NULL,NULL,NULL,1,2025-08-12 00:00:00.000,2026-03-31 00:00:00.000,0,NULL,0,0.05,2026-05-05 00:00:00.000,2026-07-31 00:00:00.000,0,1,0,NULL,91142.04,109233.79,54616.89,54616.89,NULL,1676,2025-08-11 15:35:26.783,1959,NULL,NULL,NULL
767,C11/8/768/2025-2026,Paving of side parking in King and Merriman Street,1,803,297,1,NULL,Ord2022054_0000533,1582862.00,2025-08-11 00:00:00.000,2025-11-25 00:00:00.000,NULL,NULL,NULL,NULL,1,2025-08-11 16:25:36.067,240,2025-10-21 11:09:11.587,293,2025/2026,3059,,0,1620,NULL,1,0.10,NULL,NULL,NULL,NULL,1,NULL,NULL,NULL,,NULL,NULL,NULL,NULL,NULL,1,2026-02-04 00:00:00.000,2025-12-31 00:00:00.000,0,NULL,0,0.05,2026-01-02 00:00:00.000,2026-02-28 00:00:00.000,0,1,0,NULL,79141.29,158282.60,79141.30,79141.30,NULL,1676,2025-08-11 16:26:03.073,1620,NULL,NULL,NULL
770,C15/8/771/2025-2026,Paving of Ext 15 Ring Road Ematankini,1,808,297,5,NULL,NULL,8871473.00,2025-08-15 00:00:00.000,2026-01-30 00:00:00.000,NULL,NULL,NULL,NULL,1,2025-08-15 12:28:13.747,240,2026-03-03 12:12:12.910,663,2025/2026,3059,,0,5238,NULL,1,0.10,NULL,NULL,NULL,NULL,1,NULL,NULL,NULL,,NULL,NULL,NULL,NULL,NULL,1,2026-01-08 00:00:00.000,2026-04-30 00:00:00.000,0,NULL,0,0.05,2026-04-23 00:00:00.000,2026-03-25 00:00:00.000,0,1,0,NULL,0.00,887147.21,443573.60,443573.60,NULL,1676,2025-08-15 12:28:37.160,5238,NULL,NULL,NULL
776,C19/8/777/2025-2026,Construction of Link Road,1,819,297,5,NULL,NULL,1195079.00,2025-08-19 00:00:00.000,2025-10-31 00:00:00.000,NULL,NULL,NULL,NULL,1,2025-08-19 14:22:27.053,240,2025-12-01 12:56:49.930,663,2025/2026,3059,,1,1020,NULL,1,0.10,NULL,NULL,NULL,NULL,1,NULL,NULL,NULL,,NULL,NULL,NULL,NULL,NULL,1,2025-08-19 00:00:00.000,2025-12-02 00:00:00.000,0,NULL,0,0.05,2025-12-03 00:00:00.000,2026-03-03 00:00:00.000,1,1,0,NULL,58294.39,168746.38,58294.39,84373.19,NULL,1676,2025-08-19 14:22:55.837,1020,NULL,NULL,NULL
779,C20/8/780/2025-2026,SMS ICT Choice laptops,NULL,466,1676,5,NULL,NULL,182959.60,2025-08-20 00:00:00.000,2026-06-30 00:00:00.000,NULL,NULL,NULL,NULL,1,2025-08-20 07:35:04.240,1,2025-09-16 19:40:41.807,80,2025/2026,3059,,0,403,NULL,0,NULL,NULL,NULL,NULL,NULL,8,NULL,NULL,NULL,,NULL,NULL,NULL,NULL,NULL,3,NULL,NULL,0,NULL,0,NULL,NULL,NULL,NULL,0,0,NULL,0.00,0.00,0.00,0.00,NULL,1676,2025-08-20 08:14:46.617,403,NULL,NULL,NULL
781,C25/8/782/2025-2026,Contractor for energy efficiency and demand side management,1,821,16,1,NULL,NULL,2955477.00,2025-08-25 00:00:00.000,2025-12-31 00:00:00.000,NULL,NULL,NULL,NULL,1,2025-08-25 16:36:22.983,240,2026-01-05 12:55:48.013,194,2025/2026,3059,,0,5238,NULL,1,0.10,NULL,NULL,NULL,NULL,1,NULL,NULL,NULL,,NULL,NULL,NULL,NULL,NULL,1,2025-08-28 00:00:00.000,2026-05-31 00:00:00.000,0,NULL,0,0.05,2026-01-13 00:00:00.000,2026-05-31 00:00:00.000,0,1,0,NULL,147773.85,295547.70,147773.85,147773.85,NULL,1676,2025-08-25 16:36:47.957,5238,NULL,NULL,NULL
793,C3/9/794/2025-2026,"Paving of Parking in Blyth Street ",1,836,297,5,NULL,NULL,778212.00,2025-09-03 00:00:00.000,2026-03-17 00:00:00.000,NULL,NULL,NULL,NULL,1,2025-09-03 17:17:03.883,294,2025-10-20 18:01:08.243,293,2025/2026,3059,,0,625,NULL,1,0.10,NULL,NULL,NULL,NULL,1,NULL,NULL,NULL,,NULL,NULL,NULL,NULL,NULL,1,2025-09-03 00:00:00.000,2026-06-30 00:00:00.000,0,NULL,0,0.05,2025-09-03 00:00:00.000,2026-06-30 00:00:00.000,0,1,0,NULL,38910.54,77821.12,38910.55,38910.55,NULL,1676,2025-09-03 17:18:50.107,625,NULL,NULL,NULL
794,C5/9/795/2025-2026,"Planning, design and project management for upgranding of Msobomvu Sports Ground",1,837,297,1,NULL,NULL,2008957.00,2025-09-05 00:00:00.000,2027-06-30 00:00:00.000,NULL,NULL,NULL,NULL,1,2025-09-05 08:29:38.580,294,2026-02-18 15:28:34.677,80,2025/2026,3059,,0,5222,NULL,0,NULL,NULL,NULL,NULL,NULL,1,NULL,NULL,NULL,,NULL,NULL,NULL,NULL,NULL,1,NULL,NULL,0,NULL,0,NULL,NULL,NULL,NULL,0,0,NULL,0.00,0.00,0.00,0.00,NULL,4315,2025-09-05 08:30:02.277,5222,NULL,NULL,NULL
796,C10/9/797/2025-2026,Supply and delivery of Laptops,1,840,1955,5,NULL,Ord20220325_0000467,364707.69,2025-09-10 00:00:00.000,2025-12-31 00:00:00.000,NULL,NULL,NULL,NULL,1,2025-09-10 16:25:58.770,240,2025-10-28 18:37:37.307,80,2025/2026,3059,,0,403,NULL,0,NULL,NULL,NULL,NULL,NULL,8,NULL,NULL,NULL,,NULL,NULL,NULL,NULL,NULL,1,NULL,NULL,0,NULL,0,NULL,NULL,NULL,NULL,0,0,NULL,0.00,0.00,0.00,0.00,NULL,1676,2025-09-10 16:26:45.630,403,NULL,NULL,NULL
797,C11/9/798/2025-2026,supply and delivery of a Double Cab Bakkie.,1,843,1955,5,NULL,NULL,811726.73,2025-09-11 00:00:00.000,2025-09-11 00:00:00.000,NULL,NULL,NULL,NULL,1,2025-09-11 10:52:15.733,294,2025-10-02 14:18:09.690,80,2025/2026,3059,,0,967,NULL,0,NULL,NULL,NULL,NULL,NULL,8,NULL,NULL,NULL,,NULL,NULL,NULL,NULL,NULL,1,NULL,NULL,0,NULL,0,NULL,NULL,NULL,NULL,0,0,NULL,0.00,0.00,0.00,0.00,NULL,1676,2025-09-11 10:53:31.560,967,NULL,NULL,NULL
807,C29/9/808/2025-2026,Maintenance of Maxelegwini Access Road,1,852,297,5,NULL,NULL,2566311.25,2025-09-29 00:00:00.000,2025-11-30 00:00:00.000,NULL,NULL,NULL,NULL,1,2025-09-29 14:16:14.553,240,2025-10-21 12:41:21.850,80,2025/2026,3059,,0,5372,NULL,0,NULL,NULL,NULL,NULL,NULL,1,NULL,NULL,NULL,,NULL,NULL,NULL,NULL,NULL,1,NULL,NULL,0,NULL,0,NULL,NULL,NULL,NULL,0,0,NULL,0.00,0.00,0.00,0.00,NULL,1676,2025-09-29 14:16:45.970,5372,NULL,NULL,NULL
808,C29/9/809/2025-2026,Rehabilitation of Mxelegwini Access Road,1,853,297,5,NULL,NULL,2021937.19,2025-09-29 00:00:00.000,2025-11-30 00:00:00.000,NULL,NULL,NULL,NULL,1,2025-09-29 15:30:33.743,240,2025-10-30 11:54:32.410,80,2025/2026,3059,,0,69,NULL,0,NULL,NULL,NULL,NULL,NULL,1,NULL,NULL,NULL,,NULL,NULL,NULL,NULL,NULL,1,NULL,NULL,0,NULL,0,NULL,NULL,NULL,NULL,0,0,NULL,0.00,0.00,0.00,0.00,NULL,1676,2025-09-29 15:31:21.133,69,NULL,NULL,NULL
824,C22/10/825/2025-2026,Supply and delivery of plant,1,866,1955,5,NULL,NULL,1278105.01,2025-10-22 00:00:00.000,2025-11-30 00:00:00.000,NULL,NULL,NULL,NULL,1,2025-10-22 09:06:04.320,240,2025-10-22 09:06:45.323,240,2025/2026,3059,,0,5608,NULL,0,NULL,NULL,NULL,NULL,NULL,8,NULL,NULL,NULL,,NULL,NULL,NULL,NULL,NULL,1,NULL,NULL,0,NULL,0,NULL,NULL,NULL,NULL,0,0,NULL,NULL,NULL,NULL,NULL,NULL,1676,2025-10-22 09:06:45.183,5608,NULL,NULL,NULL
825,C22/10/826/2025-2026,Professional services for social facilitation,1,868,297,5,NULL,Ord2022046_0000489,61654.38,2025-10-22 00:00:00.000,2025-12-31 00:00:00.000,NULL,NULL,NULL,NULL,1,2025-10-22 13:09:02.527,240,2025-10-30 19:38:29.577,80,2025/2026,3059,,0,5760,NULL,0,NULL,NULL,NULL,NULL,NULL,1,NULL,NULL,NULL,,NULL,NULL,NULL,NULL,NULL,1,NULL,NULL,0,NULL,0,NULL,NULL,NULL,NULL,0,0,NULL,0.00,0.00,0.00,0.00,NULL,1676,2025-10-22 13:09:32.360,5760,NULL,NULL,NULL
826,C22/10/827/2025-2026,Professional services for social facilitation,1,869,297,5,NULL,NULL,99806.92,2025-10-22 00:00:00.000,2025-12-31 00:00:00.000,NULL,NULL,NULL,NULL,1,2025-10-22 15:43:03.093,240,2025-10-30 19:35:51.973,80,2025/2026,3059,,0,5760,NULL,0,NULL,NULL,NULL,NULL,NULL,1,NULL,NULL,NULL,,NULL,NULL,NULL,NULL,NULL,1,NULL,NULL,0,NULL,0,NULL,NULL,NULL,NULL,0,0,NULL,0.00,0.00,0.00,0.00,NULL,1676,2025-10-22 15:43:29.173,5760,NULL,NULL,NULL
828,C23/10/829/2025-2026,Beautification of Monument Park,1,873,255,5,NULL,NULL,189000.00,2025-10-23 00:00:00.000,2026-06-30 00:00:00.000,NULL,NULL,NULL,NULL,1,2025-10-23 16:17:29.613,294,2026-01-06 16:16:43.190,80,2025/2026,3059,,0,5762,NULL,0,NULL,NULL,NULL,NULL,NULL,8,NULL,NULL,NULL,,NULL,NULL,NULL,NULL,NULL,1,NULL,NULL,0,NULL,0,NULL,NULL,NULL,NULL,0,0,NULL,0.00,0.00,0.00,0.00,NULL,1676,2025-10-24 09:02:36.590,5762,NULL,NULL,NULL
829,C25/10/830/2025-2026,Upgrading of Msobomvu Sports Ground Phase 2,1,874,297,1,NULL,NULL,32296598.00,2025-10-25 00:00:00.000,2026-06-30 00:00:00.000,NULL,NULL,NULL,NULL,1,2025-10-25 14:31:42.080,240,2026-03-03 12:20:52.407,663,2025/2026,3059,,0,5290,NULL,1,0.00,NULL,NULL,NULL,NULL,1,NULL,NULL,NULL,,NULL,NULL,NULL,NULL,NULL,1,NULL,NULL,0,NULL,0,NULL,NULL,NULL,NULL,0,0,NULL,NULL,1101246.47,0.00,0.00,NULL,1676,2025-10-25 14:32:24.727,5290,NULL,NULL,NULL
831,C25/10/832/2025-2026,Procurement of Truck Mounted Jetting Machine,1,875,1955,6,NULL,NULL,3359549.56,2025-10-25 00:00:00.000,2026-07-24 00:00:00.000,NULL,NULL,NULL,NULL,1,2025-10-25 19:39:59.587,277,2025-10-25 19:40:58.823,240,2025/2026,3059,,0,5611,NULL,0,NULL,NULL,NULL,NULL,NULL,8,NULL,NULL,NULL,,NULL,NULL,NULL,NULL,NULL,1,NULL,NULL,0,NULL,0,NULL,NULL,NULL,NULL,0,0,NULL,NULL,NULL,NULL,NULL,NULL,1676,2025-10-25 19:40:58.777,5611,NULL,NULL,NULL
832,C27/10/833/2025-2026,ISD professional services provided for Construction of Sivangxa,1,871,297,1,NULL,Ord2022045_0000488,76616.80,2025-10-27 00:00:00.000,2025-12-31 00:00:00.000,NULL,NULL,NULL,NULL,1,2025-10-27 17:51:53.920,240,2025-10-30 19:56:36.247,80,2025/2026,3059,,0,1906,NULL,0,NULL,NULL,NULL,NULL,NULL,1,NULL,NULL,NULL,,NULL,NULL,NULL,NULL,NULL,1,NULL,NULL,0,NULL,0,NULL,NULL,NULL,NULL,0,0,NULL,0.00,0.00,0.00,0.00,NULL,1676,2025-10-27 17:52:16.183,1906,NULL,NULL,NULL
833,C27/10/834/2025-2026,Professional Services provided for the Construction of Link Road from Mambabaleni Mealie Land,1,876,297,5,NULL,Ord2022046_0000492,73610.48,2025-10-27 00:00:00.000,2025-12-31 00:00:00.000,NULL,NULL,NULL,NULL,1,2025-10-27 18:04:50.317,294,2025-10-30 19:39:34.260,80,2025/2026,3059,,0,1906,NULL,0,NULL,NULL,NULL,NULL,NULL,1,NULL,NULL,NULL,,NULL,NULL,NULL,NULL,NULL,1,NULL,NULL,0,NULL,0,NULL,NULL,NULL,NULL,0,0,NULL,0.00,0.00,0.00,0.00,NULL,1676,2025-10-27 18:05:38.463,1906,NULL,NULL,NULL
834,C27/10/835/2025-2026,ISD Professional Services provided for Paving of Centane Internal Streets,1,867,297,5,NULL,NULL,57955.49,2025-10-27 00:00:00.000,2025-12-31 00:00:00.000,NULL,NULL,NULL,NULL,1,2025-10-27 18:33:32.227,240,2025-10-30 19:40:44.727,80,2025/2026,3059,,0,5758,NULL,0,NULL,NULL,NULL,NULL,NULL,1,NULL,NULL,NULL,,NULL,NULL,NULL,NULL,NULL,1,NULL,NULL,0,NULL,0,NULL,NULL,NULL,NULL,0,0,NULL,0.00,0.00,0.00,0.00,NULL,1676,2025-10-27 18:33:52.123,5758,NULL,NULL,NULL
835,C27/10/836/2025-2026,Professional Services for paving of Ibika Internal Streets,1,878,297,5,NULL,NULL,51833.20,2025-10-27 00:00:00.000,2025-12-31 00:00:00.000,NULL,NULL,NULL,NULL,1,2025-10-27 18:48:19.240,294,2025-10-30 19:42:18.927,80,2025/2026,3059,,0,5761,NULL,0,NULL,NULL,NULL,NULL,NULL,1,NULL,NULL,NULL,,NULL,NULL,NULL,NULL,NULL,1,NULL,NULL,0,NULL,0,NULL,NULL,NULL,NULL,0,0,NULL,0.00,0.00,0.00,0.00,NULL,4315,2025-10-27 18:48:47.233,5761,NULL,NULL,NULL
837,C29/10/838/2025-2026,ISD Professional Services,1,880,297,5,NULL,NULL,41988.57,2025-10-29 00:00:00.000,2025-12-31 00:00:00.000,NULL,NULL,NULL,NULL,1,2025-10-29 18:34:15.577,240,2025-10-30 19:55:45.060,80,2025/2026,3059,,0,5759,NULL,0,NULL,NULL,NULL,NULL,NULL,1,NULL,NULL,NULL,,NULL,NULL,NULL,NULL,NULL,1,NULL,NULL,0,NULL,0,NULL,NULL,NULL,NULL,0,0,NULL,0.00,0.00,0.00,0.00,NULL,1676,2025-10-29 18:35:01.590,5759,NULL,NULL,NULL
838,C30/10/839/2025-2026,OHS  Professional Services,1,884,297,5,NULL,NULL,25781.53,2025-10-30 00:00:00.000,2025-12-31 00:00:00.000,NULL,NULL,NULL,NULL,1,2025-10-30 17:18:15.743,240,2025-10-31 14:25:35.027,80,2025/2026,3059,,0,5770,NULL,0,NULL,NULL,NULL,NULL,NULL,1,NULL,NULL,NULL,,NULL,NULL,NULL,NULL,NULL,1,NULL,NULL,0,NULL,0,NULL,NULL,NULL,NULL,0,0,NULL,0.00,0.00,0.00,0.00,NULL,1676,2025-10-30 17:18:39.130,5770,NULL,NULL,NULL
839,C30/10/840/2025-2026,Professional Services for OHS Capital Projects- Paving of Ibika Internal Streets,1,885,297,5,NULL,Ord2022048_0000500,45275.00,2025-10-30 00:00:00.000,2026-06-30 00:00:00.000,NULL,NULL,NULL,NULL,1,2025-10-30 17:18:41.303,277,2025-10-31 14:31:08.297,80,2025/2026,3059,,0,5769,NULL,0,NULL,NULL,NULL,NULL,NULL,1,NULL,NULL,NULL,,NULL,NULL,NULL,NULL,NULL,1,NULL,NULL,0,NULL,0,NULL,NULL,NULL,NULL,0,0,NULL,0.00,0.00,0.00,0.00,NULL,1676,2025-10-30 17:19:31.493,5769,NULL,NULL,NULL
840,C30/10/841/2025-2026,OHS Professional Services,1,886,297,5,NULL,NULL,26613.58,2025-10-30 00:00:00.000,2025-12-31 00:00:00.000,NULL,NULL,NULL,NULL,1,2025-10-30 17:49:30.103,240,2025-11-05 18:15:24.380,80,2025/2026,3059,,0,5770,NULL,0,NULL,NULL,NULL,NULL,NULL,1,NULL,NULL,NULL,,NULL,NULL,NULL,NULL,NULL,1,NULL,NULL,0,NULL,0,NULL,NULL,NULL,NULL,0,0,NULL,0.00,0.00,0.00,0.00,NULL,1676,2025-10-30 17:49:50.770,5770,NULL,NULL,NULL
841,C30/10/842/2025-2026,OHS Professional Services,1,888,297,1,NULL,NULL,42152.00,2025-10-30 00:00:00.000,2025-12-31 00:00:00.000,NULL,NULL,NULL,NULL,1,2025-10-30 18:11:17.983,294,2025-10-31 14:20:39.647,80,2025/2026,3059,,0,5768,NULL,0,NULL,NULL,NULL,NULL,NULL,1,NULL,NULL,NULL,,NULL,NULL,NULL,NULL,NULL,1,NULL,NULL,0,NULL,0,NULL,NULL,NULL,NULL,0,0,NULL,0.00,0.00,0.00,0.00,NULL,4315,2025-10-30 18:11:39.957,5768,NULL,NULL,NULL
842,C30/10/843/2025-2026,Professional Services for OHS Capital Projects- Rehabilitation of Jan Nomjana Access Road Ward 20,1,887,297,5,NULL,NULL,40072.44,2025-10-30 00:00:00.000,2026-04-30 00:00:00.000,NULL,NULL,NULL,NULL,1,2025-10-30 18:20:36.253,277,2025-11-03 15:03:58.653,80,2025/2026,3059,,0,1428,NULL,0,NULL,NULL,NULL,NULL,NULL,1,NULL,NULL,NULL,,NULL,NULL,NULL,NULL,NULL,1,NULL,NULL,0,NULL,0,NULL,NULL,NULL,NULL,0,0,NULL,0.00,0.00,0.00,0.00,NULL,1676,2025-10-30 18:21:44.657,1428,NULL,NULL,NULL
843,C30/10/844/2025-2026,OSH Professional Services,1,889,297,5,NULL,Ord20220411_0000501,44240.00,2025-10-30 00:00:00.000,2025-12-31 00:00:00.000,NULL,NULL,NULL,NULL,1,2025-10-30 18:42:04.607,240,2025-10-31 14:22:59.723,80,2025/2026,3059,,0,5768,NULL,0,NULL,NULL,NULL,NULL,NULL,1,NULL,NULL,NULL,,NULL,NULL,NULL,NULL,NULL,1,NULL,NULL,0,NULL,0,NULL,NULL,NULL,NULL,0,0,NULL,0.00,0.00,0.00,0.00,NULL,1676,2025-10-30 18:42:31.780,5768,NULL,NULL,NULL
844,C30/10/845/2025-2026,Professional Services for OHS Capital Projects- Construction of Nciba Access Road Phase 2,1,890,297,5,NULL,NULL,28999.60,2025-10-30 00:00:00.000,2026-11-09 00:00:00.000,NULL,NULL,NULL,NULL,1,2025-10-30 20:37:37.487,277,2025-10-31 14:28:40.310,80,2025/2026,3059,,0,5771,NULL,0,NULL,NULL,NULL,NULL,NULL,1,NULL,NULL,NULL,,NULL,NULL,NULL,NULL,NULL,1,NULL,NULL,0,NULL,0,NULL,NULL,NULL,NULL,0,0,NULL,0.00,0.00,0.00,0.00,NULL,1676,2025-10-30 21:28:52.367,5771,NULL,NULL,NULL
845,C30/10/846/2025-2026,Professional Services for OHS Capital Projects- Paving of Centane Internal Street (Surfaced),1,891,297,5,NULL,NULL,18048.74,2025-10-30 00:00:00.000,2026-06-09 00:00:00.000,NULL,NULL,NULL,NULL,1,2025-10-30 20:59:19.010,277,2025-11-03 15:28:39.933,80,2025/2026,3059,,0,5772,NULL,0,NULL,NULL,NULL,NULL,NULL,1,NULL,NULL,NULL,,NULL,NULL,NULL,NULL,NULL,1,NULL,NULL,0,NULL,0,NULL,NULL,NULL,NULL,0,0,NULL,0.00,0.00,0.00,0.00,NULL,1676,2025-10-30 21:29:12.867,5772,NULL,NULL,NULL
846,C30/10/847/2025-2026,"Professional Services for OHS Capital Projects- Rehabilitation of Jojweni- Mzitheni Access Road ",1,892,297,5,NULL,NULL,39983.20,2025-10-30 00:00:00.000,2026-10-29 00:00:00.000,NULL,NULL,NULL,NULL,1,2025-10-30 21:27:56.583,277,2025-11-04 12:07:12.043,80,2025/2026,3059,,0,1428,NULL,0,NULL,NULL,NULL,NULL,NULL,1,NULL,NULL,NULL,,NULL,NULL,NULL,NULL,NULL,1,NULL,NULL,0,NULL,0,NULL,NULL,NULL,NULL,0,0,NULL,0.00,0.00,0.00,0.00,NULL,1676,2025-10-30 21:29:33.150,1428,NULL,NULL,NULL
848,C4/11/849/2025-2026,OHS Professional services,1,883,297,5,NULL,NULL,45275.00,2025-11-04 00:00:00.000,2025-12-31 00:00:00.000,NULL,NULL,NULL,NULL,1,2025-11-04 10:02:24.240,240,2025-11-04 11:57:10.373,80,2025/2026,3059,,0,5769,NULL,0,NULL,NULL,NULL,NULL,NULL,1,NULL,NULL,NULL,,NULL,NULL,NULL,NULL,NULL,1,NULL,NULL,0,NULL,0,NULL,NULL,NULL,NULL,0,0,NULL,0.00,0.00,0.00,0.00,NULL,1676,2025-11-04 10:02:45.297,5769,NULL,NULL,NULL
849,C18/11/580/2024-2025,LED SCREEN,1,894,205,1,NULL,NULL,1895250.00,2024-11-18 00:00:00.000,2027-04-30 00:00:00.000,NULL,NULL,NULL,NULL,1,2025-11-04 14:58:47.960,701,2026-02-20 11:59:07.627,663,2025/2026,3059,,0,165,NULL,1,0.10,NULL,NULL,NULL,NULL,1,NULL,NULL,NULL,,NULL,NULL,NULL,NULL,NULL,1,2024-11-18 00:00:00.000,2026-07-31 00:00:00.000,0,NULL,0,0.05,2024-11-18 00:00:00.000,2026-03-31 00:00:00.000,0,1,1,0.00,84413.75,190821.25,84413.75,95410.63,579,4315,2024-11-18 15:20:49.637,NULL,NULL,NULL,NULL
851,C5/11/852/2025-2026,Procurement of Truck Mounted Jetting Machine,1,895,1955,5,NULL,NULL,3863431.99,2025-11-05 00:00:00.000,2026-06-30 00:00:00.000,NULL,NULL,NULL,NULL,1,2025-11-05 11:09:18.823,294,2025-11-25 12:11:02.967,80,2025/2026,3059,,0,5611,NULL,0,NULL,NULL,NULL,NULL,NULL,8,NULL,NULL,NULL,,NULL,NULL,NULL,NULL,NULL,1,NULL,NULL,0,NULL,0,NULL,NULL,NULL,NULL,0,0,NULL,0.00,0.00,0.00,0.00,NULL,1676,2025-11-05 11:12:45.843,5611,NULL,NULL,NULL
852,C7/11/853/2025-2026,Website Enhancement,1,896,482,5,NULL,NULL,1219000.00,2025-11-07 00:00:00.000,2026-06-30 00:00:00.000,NULL,NULL,NULL,NULL,1,2025-11-07 13:02:20.910,294,2026-01-14 10:06:09.930,80,2025/2026,3059,,0,1418,NULL,0,NULL,NULL,NULL,NULL,NULL,1,NULL,NULL,NULL,,NULL,NULL,NULL,NULL,NULL,1,NULL,NULL,0,NULL,0,NULL,NULL,NULL,NULL,0,0,NULL,0.00,0.00,0.00,0.00,NULL,1676,2025-11-07 13:50:48.340,1418,NULL,NULL,NULL
853,C10/11/854/2025-2026,Professional Services,1,897,297,5,NULL,NULL,51833.20,2025-11-10 00:00:00.000,2026-01-31 00:00:00.000,NULL,NULL,NULL,NULL,1,2025-11-10 08:41:48.137,240,2025-11-11 09:26:59.147,80,2025/2026,3059,,0,5761,NULL,0,NULL,NULL,NULL,NULL,NULL,1,NULL,NULL,NULL,,NULL,NULL,NULL,NULL,NULL,1,NULL,NULL,0,NULL,0,NULL,NULL,NULL,NULL,0,0,NULL,0.00,0.00,0.00,0.00,NULL,1676,2025-11-10 08:42:48.960,5761,NULL,NULL,NULL
860,C20/11/861/2025-2026,Supply and delivery of Laptops,1,906,1955,5,NULL,NULL,443061.91,2025-11-20 00:00:00.000,2025-12-31 00:00:00.000,NULL,NULL,NULL,NULL,1,2025-11-20 15:26:21.343,294,2026-01-08 11:12:19.520,80,2025/2026,3059,,0,403,NULL,0,NULL,NULL,NULL,NULL,NULL,8,NULL,NULL,NULL,,NULL,NULL,NULL,NULL,NULL,1,NULL,NULL,0,NULL,0,NULL,NULL,NULL,NULL,0,0,NULL,0.00,0.00,0.00,0.00,NULL,1676,2025-11-20 15:28:02.307,403,NULL,NULL,NULL
862,C1/12/863/2025-2026,Upgrading of Cuba Community Hall(External Work),1,908,221,1,NULL,NULL,985188.35,2025-12-01 00:00:00.000,2026-06-30 00:00:00.000,NULL,NULL,NULL,NULL,1,2025-12-01 12:52:07.097,277,2026-03-03 16:01:30.627,663,2025/2026,3059,,0,5787,NULL,1,0.10,NULL,NULL,NULL,NULL,1,NULL,NULL,NULL,,NULL,NULL,NULL,NULL,NULL,1,2026-08-31 00:00:00.000,2027-05-27 00:00:00.000,0,NULL,0,0.05,2026-03-03 00:00:00.000,2026-07-31 00:00:00.000,0,1,0,NULL,NULL,22284.13,NULL,11142.06,NULL,1676,2025-12-01 12:55:21.037,5787,NULL,NULL,NULL
865,C5/12/866/2025-2026,Supply and Delivery of Platform Truck,1,920,1955,5,NULL,Ord20220428_0000523,1278105.01,2025-12-05 00:00:00.000,2026-06-30 00:00:00.000,NULL,NULL,NULL,NULL,1,2025-12-05 13:16:49.953,294,2026-02-04 11:44:38.750,80,2025/2026,3059,,0,5608,NULL,0,NULL,NULL,NULL,NULL,NULL,8,NULL,NULL,NULL,,NULL,NULL,NULL,NULL,NULL,1,NULL,NULL,0,NULL,0,NULL,NULL,NULL,NULL,0,0,NULL,0.00,0.00,0.00,0.00,NULL,1676,2025-12-05 13:18:13.273,5608,NULL,NULL,NULL
866,C8/12/867/2025-2026,"Construction of 45M2  for a Physically Challanged Person ",1,921,1453,1,NULL,NULL,729199.59,2025-12-08 00:00:00.000,2026-06-30 00:00:00.000,NULL,NULL,NULL,NULL,1,2025-12-08 12:30:39.970,294,2026-02-18 15:25:58.280,80,2025/2026,3059,,0,979,NULL,1,0.10,NULL,NULL,NULL,NULL,1,NULL,NULL,NULL,,NULL,NULL,NULL,NULL,NULL,1,NULL,NULL,0,NULL,0,0.05,2026-01-27 00:00:00.000,2026-06-30 00:00:00.000,0,1,0,NULL,NULL,59388.21,NULL,29694.10,NULL,1676,2025-12-08 12:34:35.403,979,NULL,NULL,NULL
868,C8/12/869/2025-2026,Construction of 45m2 house for a physically challenged person,1,910,1453,1,NULL,NULL,673485.54,2025-12-08 00:00:00.000,2026-06-30 00:00:00.000,NULL,NULL,NULL,NULL,1,2025-12-08 12:51:00.937,294,2026-02-18 10:45:32.127,80,2025/2026,3059,,0,170,NULL,1,0.10,NULL,NULL,NULL,NULL,1,NULL,NULL,NULL,,NULL,NULL,NULL,NULL,NULL,1,NULL,NULL,0,NULL,0,0.05,2026-01-26 00:00:00.000,2026-07-30 00:00:00.000,0,1,0,NULL,NULL,46117.53,NULL,23058.76,NULL,1676,2025-12-08 12:52:03.000,170,NULL,NULL,NULL
869,C8/12/870/2025-2026,"Construction of 45m2 house for an elderly person ",1,922,1453,1,NULL,NULL,600413.31,2025-12-08 00:00:00.000,2026-06-30 00:00:00.000,NULL,NULL,NULL,NULL,1,2025-12-08 13:19:23.177,294,2026-03-03 12:07:15.650,663,2025/2026,3059,,0,5790,NULL,1,0.00,NULL,NULL,NULL,NULL,1,NULL,NULL,NULL,,NULL,NULL,NULL,NULL,NULL,1,NULL,NULL,0,NULL,0,0.00,NULL,NULL,0,1,0,NULL,0.00,30308.87,0.00,15154.43,NULL,1676,2025-12-08 13:20:34.327,5790,NULL,NULL,NULL
870,C9/12/871/2025-2026,"Supply and delivery of 5 Heavy Duty Chainsaws, Two Pole Frunners, Lawn Mowers and 30 Grass Cutting Manchines",1,926,255,5,NULL,NULL,489153.54,2025-12-09 00:00:00.000,2026-06-30 00:00:00.000,NULL,NULL,NULL,NULL,1,2025-12-09 10:01:36.833,294,2026-01-29 18:41:38.017,80,2025/2026,3059,,0,5789,NULL,0,NULL,NULL,NULL,NULL,NULL,8,NULL,NULL,NULL,,NULL,NULL,NULL,NULL,NULL,1,NULL,NULL,0,NULL,0,NULL,NULL,NULL,NULL,0,0,NULL,0.00,0.00,0.00,0.00,NULL,1676,2025-12-09 10:03:59.060,5789,NULL,NULL,NULL
878,C11/12/879/2025-2026,Rehabilitation of Maxelegwini  Mangondini Access Road and Storm Water Facilities,1,932,297,1,NULL,NULL,1794128.13,2025-12-11 00:00:00.000,2026-06-30 00:00:00.000,NULL,NULL,NULL,NULL,1,2025-12-11 10:33:14.877,294,2026-03-02 08:13:52.827,294,2025/2026,3059,,0,170,NULL,1,0.10,NULL,NULL,NULL,NULL,1,NULL,NULL,NULL,,NULL,NULL,NULL,NULL,NULL,1,2026-07-29 00:00:00.000,2026-12-30 00:00:00.000,0,NULL,0,0.05,2026-11-24 00:00:00.000,2027-01-31 00:00:00.000,0,1,0,NULL,NULL,NULL,NULL,NULL,NULL,1676,2025-12-11 13:53:17.163,170,NULL,NULL,NULL
879,C11/12/880/2025-2026,Construction of Masiphumelele Shearing Shed,1,931,1453,1,NULL,Ord2022054_0000528,1236087.30,2025-12-11 00:00:00.000,2026-06-30 00:00:00.000,NULL,NULL,NULL,NULL,1,2025-12-11 11:03:46.080,294,2025-12-11 13:52:21.837,240,2025/2026,3059,,0,5792,NULL,0,NULL,NULL,NULL,NULL,NULL,1,NULL,NULL,NULL,,NULL,NULL,NULL,NULL,NULL,1,NULL,NULL,0,NULL,0,NULL,NULL,NULL,NULL,0,0,NULL,NULL,NULL,NULL,NULL,NULL,1676,2025-12-11 13:52:21.790,5792,NULL,NULL,NULL
880,C11/12/881/2025-2026,"Design, supply, installation and commissioning of traffic management system, urban CCTV cameras and equipment for Mnquma Local Municipality",1,930,23,5,NULL,NULL,2762033.96,2025-12-11 00:00:00.000,2027-12-10 00:00:00.000,NULL,NULL,NULL,NULL,1,2025-12-11 11:09:34.510,277,2025-12-11 17:44:43.180,80,2025/2026,3059,,0,5603,NULL,0,NULL,NULL,NULL,NULL,NULL,1,NULL,NULL,NULL,,NULL,NULL,NULL,NULL,NULL,1,NULL,NULL,0,NULL,0,NULL,NULL,NULL,0,0,0,NULL,0.00,0.00,0.00,0.00,NULL,1676,2025-12-11 11:10:28.333,5603,NULL,NULL,NULL
885,C7/1/886/2025-2026,Construction of Qhubani Shearing Shed,1,938,1453,5,NULL,NULL,1289642.60,2026-01-07 00:00:00.000,2026-07-01 00:00:00.000,NULL,NULL,NULL,NULL,1,2026-01-07 10:14:39.930,240,2026-03-03 16:03:57.370,663,2025/2026,3059,,0,1723,NULL,1,0.10,NULL,NULL,NULL,NULL,1,NULL,NULL,NULL,,NULL,NULL,NULL,NULL,NULL,1,2026-09-09 00:00:00.000,2027-02-25 00:00:00.000,0,NULL,0,0.05,2026-10-07 00:00:00.000,2027-02-24 00:00:00.000,0,1,0,NULL,NULL,36732.15,NULL,18366.08,NULL,1676,2026-01-07 10:15:37.217,1723,NULL,NULL,NULL
886,C7/1/887/2025-2026,Construction of Ncityana Dipping Tank,1,939,1453,5,NULL,NULL,961395.80,2026-01-07 00:00:00.000,2026-06-30 00:00:00.000,NULL,NULL,NULL,NULL,1,2026-01-07 10:45:57.607,240,2026-01-07 10:46:33.707,240,2025/2026,3059,,0,1136,NULL,0,NULL,NULL,NULL,NULL,NULL,1,NULL,NULL,NULL,,NULL,NULL,NULL,NULL,NULL,1,NULL,NULL,0,NULL,0,NULL,NULL,NULL,NULL,0,0,NULL,NULL,NULL,NULL,NULL,NULL,1676,2026-01-07 10:46:33.630,1136,NULL,NULL,NULL
896,C18/2/897/2025-2026,Planning Design and Project Management for Construction of Ngcisininde to Gedwood Access Road,1,945,297,5,NULL,NULL,70000.01,2026-02-18 00:00:00.000,2026-04-30 00:00:00.000,NULL,NULL,NULL,NULL,1,2026-02-18 08:22:36.103,240,2026-02-26 19:51:08.270,80,2025/2026,3059,,0,5291,NULL,0,NULL,NULL,NULL,NULL,NULL,1,NULL,NULL,NULL,,NULL,NULL,NULL,NULL,NULL,1,NULL,NULL,0,NULL,0,NULL,NULL,NULL,NULL,0,0,NULL,0.00,0.00,0.00,0.00,NULL,1676,2026-02-18 08:23:56.737,5291,NULL,NULL,NULL
899,C19/2/900/2025-2026,"Installation of Gabions on Bridge Approaches Kunene (ward 17), Ngxalawe (ward 19), and Concrete Deck in Mpahleni Bridge (ward 18)",1,941,297,5,NULL,NULL,747966.97,2026-02-19 00:00:00.000,2026-07-22 00:00:00.000,NULL,NULL,NULL,NULL,1,2026-02-19 11:05:15.800,294,2026-02-19 15:15:47.360,80,2025/2026,3059,,1,5531,NULL,1,0.10,NULL,NULL,NULL,NULL,1,NULL,NULL,NULL,,NULL,NULL,NULL,NULL,NULL,1,2026-02-19 00:00:00.000,2026-06-30 00:00:00.000,0,NULL,0,0.05,2026-07-30 00:00:00.000,2026-02-19 00:00:00.000,1,1,0,NULL,NULL,15029.66,NULL,7514.83,NULL,1676,2026-02-19 11:06:33.510,5531,NULL,NULL,NULL
901,C24/2/902/2025-2026,Refurbishment of main offices,1,949,1453,5,NULL,NULL,13994618.00,2026-02-24 00:00:00.000,2027-01-31 00:00:00.000,NULL,NULL,NULL,NULL,1,2026-02-24 12:00:09.557,240,2026-02-24 12:01:15.173,240,2025/2026,3059,,0,5799,NULL,0,NULL,NULL,NULL,NULL,NULL,1,NULL,NULL,NULL,,NULL,NULL,NULL,NULL,NULL,1,NULL,NULL,0,NULL,0,NULL,NULL,NULL,NULL,0,0,NULL,NULL,NULL,NULL,NULL,NULL,1676,2026-02-24 12:01:15.093,5799,NULL,NULL,NULL
